id,image_path,text,headline,date,label (true = 1 / false = 0)
ID0001,C:\Users\A S U S\Downloads\Health Images\Images\1.png,"A doctor of the Senarathpura Rural Hospital in Gonagolla, Ampara was arrested by the police for sexually abusing four schoolgirls day before yesterday (07.01.2020). ",Image of doctor who exposed sexual abuse by another doctor shared as the offender. ,1/9/2020,0
ID0002,C:\Users\A S U S\Downloads\Health Images\Images\2.png,"Excessive amount fertilizers used in agriculture has been a matter of concern and topic of debate in Sri Lanka since past couple of tears. We noticed that on social media, these discussions have sprung once again. The reason for this is that many posts claiming Sri Lanka has been ranked no. 1 in the world in consumption of poisonous food. ",Did world Health Organization ranked Sri Lanka at the top recently for excessive fertilizer usage in South Asian Region…?,2/17/2020,0
ID0003,C:\Users\A S U S\Downloads\Health Images\Images\3.png,"The WHO has declared the Novel Coronavirus outbreak a global health emergency. In Sri Lanka, there have been incidents in which the locals cornered Chinese nationals in the country on suspicion of Corona Virus infection. In this scenario, a girl recently returned from China visited a local hospital. This sent ripples across the country throwing open a wide range of speculations of the girl being infected with the novel corona virus. 
A Sri Lankan girl, who returned 2 weeks ago from China, made a visit to Badulla hospital complaining throat pain on 5 February 2020. Social media was abuzz with this news along with photos and videos of Badulla hospital staff taking precautionary action to examine the girl in isolation.","Suspected CoronaVirus infected girl from Badulla, discharged after tested negative for the virus…",2/8/2020,1
ID0004,C:\Users\A S U S\Downloads\Health Images\Images\4.png,Government Medical Officers’ Association (GMOA) held a press conference few days ago on combating the global outbreak of 2019-nCoV virus. They gave a few suggestions and made a few requests to the government authorities appealing the authorities to take care of the medical staff holding vigil against the virus. GMOA appealed to the authorities to ensure the medical staff working especially in Infectious Diseases Hospitals (IDH). It garnered many responses from the public. A number of responses from the public have poured in appreciating the efforts of the medical staff but there were some negative responses as well. Some people labelled the medical staff as opportunists who are trying to get an incentive even during the critical epidemic situation. ,IDH Hospital staff on sick leave? Here’s the truth. ,2/1/2020,1
ID0005,C:\Users\A S U S\Downloads\Health Images\Images\5.png,"Italy is so far the worst affected country from COVID19 with more than 10,000 deaths. Over the past couple of weeks Italy has continuously recorded the highest number of deaths reported in a single day. As officials are finding it extremely difficult to control COVID19 pandemic, social media has been flooded with numerous posts about this unfortunate situation in Italy. We already carried out a number of fact check such as this, where images that are old and unrelated to Italy  shared in a misleading manner. ","No! these aren’t visuals of mess graves in Italy but, a scene from a science fiction movie.",3/31/2020,0
ID0006,C:\Users\A S U S\Downloads\Health Images\Images\6.png,"As the COVID-19 sweeps through every part of the world, there are numerous claims about ‘so-called’ remedies, cures and treatments for the virus. Fact Crescendo has debunked several such false claims in the past few weeks. We debunk yet another such claim spreading rapidly on social media.
A post with an image of bakery items and WHO’s logo has started circulating widely on social media platforms and messaging platforms in Sri Lanka with the following caption: “Stop eating bakery items. It is strictly advised to not to eat bakery items as it is not washable and can get infected to the virus easily”. The post gives an impression that WHO has advised against the consumption of bakery products. ","No, WHO did not advise public to stop eating bakery items!",3/29/2020,0
ID0007,C:\Users\A S U S\Downloads\Health Images\Images\7.png,"During March 2020, at a time when lockdown measures were being strictly imposed in Sri Lanka due to COVID-19, certain communities had not realized the real meaning of social distancing, with many arranging small functions often associated with alcoholic beverages, with friends and family circles. ",Consuming alcohol cannot protect you from COVID-19!,3/21/2020,0
ID0008,C:\Users\A S U S\Downloads\Health Images\Images\8.png,"Coronavirus infection spreads intensively and has had a serious impact on Italy, which is known in Europe as a country with many elderly citizens. By March 20, more than 40,000 people in Italy had contracted the novel coronavirus, and over 3400 had died from pandemic according surpassing the deadly figures from China as well. ",7-Year-Old Image of ship Wreck in Italy Falsely shared as Corona Virus Victims,3/20/2020,0
ID0009,C:\Users\A S U S\Downloads\Health Images\Images\9.png,"With the amount of misinformation related to COVID-19 on the rise governments around the world and health officials have been continuously highlighting the importance of following verified sources for latest updates. Since World Health Organization is the authorized body to comment officially on the status of the COVID-19, public have been closely following the guidelines and status alerts published by WHO. ",WHO did not snub Sri Lanka Citing Inadequate Measures in Response to COVID-19 Pandemic,3/19/2020,0
ID0010,C:\Users\A S U S\Downloads\Health Images\Images\10.png,"With World Health Organization declaring COVID19 a pandemic situation with worldwide spread of the disease, social media platforms have been flooded with dubious claims that prevents or cures the coronavirus infection. Our fact checks revealed almost all claims are not scientifically proven, while some of these remedies might have symptomatic improvement for COVID19. ",Misleading claims about traditional cures and self-checks for Coronavirus,3/17/2020,0
ID0011,C:\Users\A S U S\Downloads\Health Images\Images\11.png,"The World Health Organization (WHO) has declared that no research organization has come with a vaccine or an antiviral drug that can cure novel coronavirus infection (as on March 16th). However, in South Asian countries where indigenous medical practices are established, people have resorted to sharing various social media posts that claims to prevent or cure the infection. ","Hot weather , Garlic and Hot Water are not remedies against COVID19",3/16/2020,0
ID0012,C:\Users\A S U S\Downloads\Health Images\Images\12.png,"As the epicentreof the COVID-19 outbreak moved from China to Europe in the past few weeks and the number of patients testing positive for the virus increased around the world. This prompted the World Health Organization (WHO) to declare the situation a pandemic, urging the public not to fall prey for false statements in a time of worldwide panic, and in turn to refrain from sharing unverified information. 
With 146 countries (almost 75% of all countries), including superpowers of the world affected by this deadly virus, number of social media posts claiming discovery of cure for COVID-19 have surfaced. While medical and research team around the world have been researching for possible cures with clinical trials, WHO has reiterated that a definitive vaccines or cure for the virus is not yet found. Amid all these developments, we came across a number of posts since beginning of March with claims that number of countries such as Italy, Cuba, Israel, USA etc. had developed a cure successfully for COVID-19 ",Misleading claims of cures for COVID-19 from multiple countries,3/16/2020,0
ID0013,C:\Users\A S U S\Downloads\Health Images\Images\13.png,"As China gradually shows signs of recovery from the deadly COVID19 epidemic, patients testing positive for the deadly virus has escalated in other parts of the world, prompting the World Health Organization to declare the situation a “pandemic.” Governments around the world have requested public to not to fall for misinformation and follow only verified news sources pertaining to latest developments.
As the attention shifts from Wuhan and China to Europe, the new epicenter of COVID19, a number of people have asked the rest of the world to learn from China how they managed to deal with COVID19. Since, latest reports showed increase in the number of confirmed cases from countries like Italy, Spain, France, Iran etc. In the middle of all these developments, widespread rumors on social media suggesting China has totally eradicated the threat have surfaced, despite WHO still considering China in the high-risk category. ",Did the last COVID19 Infected Patient in Wuhan get Discharged..? Here’s The Truth!,3/14/2020,0
ID0014,C:\Users\A S U S\Downloads\Health Images\Images\14.png," It has been 6 weeks since the lockdown of Wuhan, the epicenter of the Coronavirus (COVID-19), and as per the latest published information, number of reported cases were over 90,000 with almost 3200 deaths. While the rate of infection has normalized in China to a certain extent, the latest trends indicate worldwide threat of spread of COVID-19 with cases reported from 77 countries. The pressure on WHO to declare the situation as a pandemic is increasing.  
We have debunked a number of stories ever since the wave of misinformation regarding possible cures for Corona virus, proper use of facial masks and preventive care best practices started. With concerns over shortage of personal protective equipment (PPE) across the world, many organizations have offered aid and United Nations had released US$15 million to help vulnerable countries battle the spread of the coronavirus.
In this backdrop, we noticed a number of messages circulating on WhatsApp and posts on Facebook with an extended narrative of these messages claiming to be a bulletin from UNICEF on information about COVID-19 and how the virus transmits and possible preventive measures.
Below are the screenshots of two such posts shared by Indian users with the following bulletin
“Unicef
The corona virus is large in size with a cell diameter of 400-500 micro, so any mask prevents its entry & there is no need to exploit pharmacists to trade with muzzles.
The virus does not settle in the air, but on the ground, so it is not transmitted by the air.
The corona virus, when it falls on a metal surface, will live for 12 hours, so washing hands with soap and water well will do the trick.
Corona virus when it falls on fabrics stays for 9 hours so washing clothes or exposing them to the sun for two hours is enough for the purpose of killing him.
The virus lives on the hands for 10 minutes so putting the alcohol sanitizer in the pocket is enough for the purpose of prevention.
If the virus is exposed to a temperature of 26-27°C, it will be killed, it does not live in hot areas. Also drinking hot water and exposure to the sun is good enough.
Stay away from ice cream and cold food is important.
Gargling with warm water and salt kills tonsils and prevents them from leaking into the lungs.
Adhering to these instructions is sufficient to prevent the virus.
UNICEF” ",Truth behind the Viral UNICEF message about Coronavirus!,3/5/2020,0
ID0015,C:\Users\A S U S\Downloads\Health Images\Images\15.png,"The novel Coronavirus has affected all parts of the world with over 3 million contracting the deadly virus as per latest information and accounting for more than two hundred thousand deaths to date. (Source: worldsmeter.info)
Wuhan Bio-safety Laboratory located in Wuhan, where the outbreak of this pandemic started, was one of the most highly talked about topics by international observers as well as social media enthusiasts, ever since the start of the pandemic in China. ", No. Japanese Nobel Laureate Professor Tasuku Honjo did not say Coronavirus was made in Wuhan Lab… Here is the truth…,4/28/2020,0
ID0016,C:\Users\A S U S\Downloads\Health Images\Images\16.png,"University of Oxford researchers had begun testing a COVID-19 vaccine in human volunteers last week. At a time when scientists and health care professionals around the world are working round the clock to fast track a cure or a vaccine for the deadly disease, this project grabbed worldwide attention. 
Dr Elisa Granato, a microbiologist, was one of the members of the first batch of 2 patients to get injected with the vaccine last Thursday (23rd April). They were to be monitored for a period of 48 hours after which another batch were to be injected.
On this backdrop, a number of social media reports were shared across the world with the caption “First volunteer in UK coronavirus vaccine trial has died – News Oxford”. ",FAKE NEWS ALERT: Dr. Elena Granato id Not Dead…,4/27/2020,0
ID0017,C:\Users\A S U S\Downloads\Health Images\Images\17.png,"As the COVID-19 pandemic continues to spread across the globe, audiences are bombarded with all forms of news and information around the virus. The information available varies from news bulletins to opinion pieces and expert analyses on the topic, amidst many other fake news posts. It is only fair that the public try to make sense of the tragic circumstances and several op-eds and analyses have attempted to assist in that direction. Considering the number of fake posts that are also floating around social and digital media, being able to weed out the real opinions can be difficult.",Is There A Pandemic Every Hundred Years As These Viral Posts Claim?,4/23/2020,0
ID0018,C:\Users\A S U S\Downloads\Health Images\Images\18.png,"The COVID-19 pandemic that was first discovered during the latter part of 2019 has reached unimaginable proportions with over 2 million people affected around the world as per the latest reports. With this many people infected and many countries and regions experiencing some form of a lockdown, a sense of panic and fear has engulfed many. Feeding into those very fears, many people have created fake news posts which are available across social media and chat apps similar to authentic news sources. With many people keyed into all information on the pandemic, it has been difficult to decipher between authentic and fake bulletins.",Was This Child Abandoned Because Both His Parents Were Infected With Covid-19? Here's The Truth,4/16/2020,0
ID0019,C:\Users\A S U S\Downloads\Health Images\Images\19.png,"As Covid-19 patients were being detected from different regions of Sri Lanka towards end of March 2020, health officials urged the government to take firm action to combat the spread of the virus. The government acted swiftly by addressing infrastructure issues as well as safety and medical equipment requirements to minimize the spread of the pandemic on the island.
In this background, a post appeared on a Facebook page of one Rajini Sulochana Segera titled “Lanka’s health service among the world’s best” with an image of the Director General of World Health Organization Dr. Tedros Ghereyesus. Following text was superimposed under the image of Dr. Tedros. 
“Sri Lanka’s health service is one of the best not only in Asia but in the world, WHO Director-General Dr. Tedros Adhanom Ghebreyesus said. Dr. Ghebreyesus had stated that the reason behind the high quality of Sri Lanka’s health service is because it is freely available. Sri Lanka’s political leadership gives a clear guidance to the Sri Lankan Health Service.” ",WHO Director General’s Old Statement on SL Health Services shared out of context; Read the truth here…,4/14/2020,0
ID0020,C:\Users\A S U S\Downloads\Health Images\Images\20.png,"The COVID-19 crisis is inflicting unprecedented amount of suffering around the world with nearly 80,000 dead and a total of 1.35 million infected with the virus as on 8th April 2020 according to the WHO dashboard, setup to monitor the global situation. With the number of dead mounting and special requests to cremate all dead bodies who were infected with the deadly virus, the process of disposing of the dead has become taxing on several world governments where the death toll is highest.",No. These are not deceased COVID19 victims washed ashore!,4/9/2020,0
ID0021,C:\Users\A S U S\Downloads\Health Images\Images\21.png,"While the battle against COVID-19 pandemic rages on in many parts of the world, countries have considered partially relaxing lockdown measures. In Sri Lanka, the newly identified COVID-19 patients are mainly from 2 groups, the Sri Lanka Navy and the repatriated citizens. However, no patients have been identified out of these two groups for over a month now.
Hence, the attention has gradually shifted from the pandemic towards politics owing to the parliamentary elections to be held in early August. Given this context, we came across a different kind of claim related to COVID-19 getting viral among Tamil social media users. ",Wedding pre-shoot images of couple shared as COVID19 patient proposing to his doctor,6/13/2020,0
ID0022,C:\Users\A S U S\Downloads\Health Images\Images\22.png,"We recently discovered a series of posts going viral around the same topic across social media, which claimed to be related to a research conducted by the University of Oxford. The claim however seemed unsubstantiated and was in turn made into memes when posting.",Did Oxford University Claim That Women With Big Butts Give Birth To Smarter Children?,7/24/2020,0
ID0023,C:\Users\A S U S\Downloads\Health Images\Images\23.png,"Cannabis is a plant that has uses as a recreational and medicinal drug.  Cannabis plants produce a group of chemicals called cannabinoids, which is considered to have mental and physical effects when consumed. Cannabis has been used as a medicine in Eastern as well as Western medical practices over the years. Yet its use as medicine has not been rigorously tested and as a result the safety and efficacy of using cannabis to treat diseases is still undergoing clinical trials. World Health Organization has listed Cannabis as a drug. Yet since lately active campaigns were observed to legalize the use of cannabis for medicinal purposes.
In this backdrop we noticed a news report by CostaRica News published with the headline “The World Health Organization Removed Cannabis from the “Drug” Category”.  ",WHO has NOT removed cannabis from “Drugs” Category!,7/4/2020,0
ID0024,C:\Users\A S U S\Downloads\Health Images\Images\24.png,"Unknown facts and amazing properties of certain herbs and food items and their medicinal values have often been shared in various posts on social media over the years. 
Recently we noticed a post titled “FOODFACT” on an Instagram account called “Veganfitlyfe” with the caption “Find out the gender of Bell Peppers” which had been circulating since the end of 2019. The post goes on to state that “Flip the bell peppers over to check their gender. The ones with 4 bumps are females and those with three bumps are male. The female peppers are full of feeds, but sweeter and better for eating raw and the males are better for cooking. I didn’t know this” ",Bell Pepper Don’t have a Gender! Here’s the truth,7/3/2020,0
ID0025,C:\Users\A S U S\Downloads\Health Images\Images\25.png,The number of COVID-19 patients identified by the Divulapitiya-Minuwangoda cluster in Gampaha district has now crossed over 1400 mark. Various social media reports have emerged on the prevailing situation in the country. One of the key talking points has been the whereabouts of Minuwangoda garment factory workers and their close associates. ,Coronavirus infected 119 people have not gone missing in Gampaha,10/13/2020,0
ID0026,C:\Users\A S U S\Downloads\Health Images\Images\26.png,"During the first wave of the novel Coronavirus spread in Sri Lanka, health authorities decided that all dead bodies infected with Covid-19 should be cremated. In fact, there has been a lot of talk recently around the topic of burying or cremating Covid-19 infected corpses. While the government has not yet given an official permission for the burial of Covid-19 infected bodies, we recently conducted an investigation in this regard.  ","FACT CHECK – Were the PRC records of a deceased Muslim women from Ratmalana changed, in order to accommodate her burial",11/20/2020,0
ID0027,C:\Users\A S U S\Downloads\Health Images\Images\27.png,"During the initial months of COVID-19 pandemic, a number of false claims were circulated alleging how people from different parts of the world reacted to the deadly virus. Now as some countries are trying out the new vaccines, similar claims on how people are reacting to the vaccines have emerged.
A photo is being shared widely among Tamil Social Media users in SL, and it is being claimed that this is the photo of the first batch of participants who were administered the vaccine. These posts further claim that the participants started eating each other and allegedly from a hospital in Los Angeles.  However, our investigation reveals that this is yet another fabricated hoax.",Do Not Fall for This Hoax of People Turning into Zombies Due to COVID-19 vaccine!,12/29/2020,0
ID0028,C:\Users\A S U S\Downloads\Health Images\Images\28.png,"several posts on social media claims that Microsoft co-founder Bill Gates has said in an interview to CNBC that 7 lakh people will face death or disability after taking the vaccines. This message is going viral in form of articles as well as posts on social media. According to the users, “In an interview with CNBC, Bill Gates says that for every 10,000 people, permanent vaccination damage such as permanent disabilities and death would occur and he expects 700,000 victims.”",Bill Gates did not say that people will die after taking the COVID-19 vaccine,1/25/2021,0
ID0029,C:\Users\A S U S\Downloads\Health Images\Images\29.png,"Amidst the second wave of coronavirus in India, a deluge of online misinformation is causing extra damage to the efforts towards combating the pandemic. 
In a recent addition to such misinformation is a video in which an unidentified man apparently shows how masks are contaminated with germs and worms and warns people not to wear masks",FALSE: Don’t Believe the Video Showing Germs Coming out of Masks ,4/30/2021,0
ID0030,C:\Users\A S U S\Downloads\Health Images\Images\30.png,"Starting from 1 May, everyone above 18 years of age will be eligible for the Covid-19 vaccine in India. But a viral message on social media may put off many from taking the vaccine. 
Cautioning about the potential vaccine complications, the message warns women not to take the vaccine five days before and after their periods.  ",Should Women Not Take Covid-19 Vaccine 5 Days Before and After their Periods? Here’s the truth,4/24/2021,0
ID0031,C:\Users\A S U S\Downloads\Health Images\Images\31.png,"American rapper, songwriter and actor Rapper Earl Simmons, popularly known by his stage name DMX,  died two weeks ago at the age of 50 following a heart attack. Social media was flooded with tribute messages for the legendary rapper.
Also there were a number of posts claiming that DMX received Covid-19 vaccine days before heart attack.   ",Did Rapper DMX receive COVID-19 vaccine days before his deadly heart attack? Here are the facts…,4/24/2021,0
ID0032,C:\Users\A S U S\Downloads\Health Images\Images\32.png,"A viral message propagates a false conspiracy theory suggesting a nexus between Wuhan lab and major global pharmaceutical companies that caused in the Covid-19 pandemic. 
The message ultimately puts forward a convoluted claim that the coronavirus was created in China with the help of vaccine makers with the intension to make profits. ",Coronavirus Conspiracy: No Connection between GlaxoSmithKline and Wuhan Lab,5/14/2021,0
ID0033,C:\Users\A S U S\Downloads\Health Images\Images\33.png,"Amid rising cases of COVID-19 in Sri Lanka, the Technical committee comprising of health officials made a number of decisions on how to proceed with revised public safety guidelines.
In this context, there was a great buzz about the official information issued by Health Promotions Bureau under the Ministry of Health. We noticed that part of a statement made by the director of Health Promotion Bureau to a newspaper had been shared in a misleading manner.
Two people from different families should be wearing masks inside vehicles.  ","Two people from different families should be wearing masks inside vehicles, not from the same family!",5/12/2021,1
ID0034,C:\Users\A S U S\Downloads\Health Images\Images\34.png,"Social media is replete with various unscientific and clearly bogus cures of coronavirus. A case in point is steam and a decoction of Neem leaves and Ginger that is going viral as a cure for coronavirus. 
In a video shared on social media, a woman claims that she was cured of Covid-19 by only having a decoction and steam of Neem leaves and Ginger.
This is a false claim. Neem leaves and Ginger cannot cure Coronavirus.  ","No, Neem Leaves and Ginger Steam Cannot Cure Coronavirus",5/6/2021,0
ID0035,C:\Users\A S U S\Downloads\Health Images\Images\35.png,"At a time where only a small percentage of total population has been vaccinated against COVID-19 in Sri Lanka, a viral WhatsApp forward which claimed the life threatening risk of anesthetics after vaccination, has caused further agitation in the community.
Fact Crescendo Sri Lanka’s investigation into this viral claim proved this was yet another claim which was infusing fear among the society which could even increase the hesitancy to get vaccinated. ",Fact Check: Is it life threatening to use anesthetics after getting vaccinated for COVID-19? Here are the facts…,6/21/2021,0
ID0036,C:\Users\A S U S\Downloads\Health Images\Images\36.png,"With the second wave of Covid-19 creating havoc in the country, social media is flooded with unverified and unscientific home remedies. 
In one such viral message, it is being claimed that to increase the oxygen level one should inhale camphor, clove, ajwain and eucalyptus oil.  ","Does inhaling camphor, clove, ajwain and eucalyptus oil help increase the oxygen level?",8/28/2021,0
ID0037,C:\Users\A S U S\Downloads\Health Images\Images\37.png,"Covid 19 virus has been spreading rapidly over the past few weeks in Sri Lanka. The number of infected people as well as the number of deaths are increasing daily. Due to this intensifying situation in the country, the management of covid19 infected death bodies has become a challenge to the country`s health authorities. ",FACT CHECK: Image from Oddamavadi graveyard in Sri Lanka? Find out the Truth…,8/16/2021,0
ID0038,C:\Users\A S U S\Downloads\Health Images\Images\38.png,"Amid the COVID-19 pandemic, many other seasonal diseases have also created health risks in different parts of the country. Dengue fever is one of the most prominent diseases among these.
Over the past few weeks, there has been an increased number of Dengue patients reported from many parts of Sri Lanka, with Gampaha and Colombo recording the highest numbers. The total number so far in 2023 is over thirty-four thousand by mid of May. With such record numbers, health units warn that there is a risk of a dengue epidemic in the future, and multiple Dengue control programs are implemented continuously throughout the island.
In this context, government and health officials share many messages regarding precautions to be undertaken by individuals and societies to prevent Dengue. Also, there are social media posts advising people on precautions to be taken to avoid Dengue. One such recurring post that caught our attention is spreading widely on WhatsApp and other social media platforms. This message claims that applying Coconut oil on your legs below your knee would protect you from Mosquito bites and thus from contracting Dengue.",FACT CHECK: Applying Coconut Oil on your Legs and Feet Will NOT Protect You from Dengue! ,9/20/2021,0
ID0039,C:\Users\A S U S\Downloads\Health Images\Images\39.png,"In the battle against deadly COVID-19 pandemic, health experts continuously stress upon the importance of getting vaccinated and creating herd immunity. However, many types of drugs have been discussed at the same time, among public and on social media, as measures to treat the deadly COVID19 virus at various stages of infection. 
This is our investigation in relation to one of such medicines, IVERMECTIN, which is allegedly claimed as a ‘wonder drug’ and a cure for COVID-19.",Explainer: Ivermectin as a Cure for COVID-19? Find out the Facts…,9/2/2021,0
ID0040,C:\Users\A S U S\Downloads\Health Images\Images\40.png,"As new variants of COVID19 continue to challenge nations around the world, the vaccination drive against this deadly virus, which began around a year ago, continues to be a much-discussed topic as well. While WHO has approved a number of vaccines with two doses, with the evolving nature of the virus, some experts have highlighted the importance of having a third dose or booster dose of vaccination.
As some countries of the world, along with Sri Lanka, have started administering the booster dose, misinformation concerning the same has also started spreading. This is our investigation regarding such a misleading claim about the booster shot of Pfizer vaccine. ",FACT CHECK: Did FDA reject the Pfizer booster shot for ages 16-65 over increased risk of heart inflammation? Find out the Truth…,11/30/2021,0
ID0041,C:\Users\A S U S\Downloads\Health Images\Images\41.png,"Due to covid 19 pandemic, health care workers have been facing a crisis situation worldwide. Many got infected with covid 19 while some lost their lives due to the pandemic. In main stream media as well as social media, people are talking about the dedication of health care workers during this difficult time.",FACT CHECK: Does the artwork depict all medical workers died of Covid-19?,11/20/2021,0
ID0042,C:\Users\A S U S\Downloads\Health Images\Images\42.png,"A viral message listing the harmful effects of Microwave oven is going viral on messaging platforms. The message claims that because of its harmful effects, the use and production of  Microwaves has been banned in Japan. ",FACT CHECK: Has Japan banned the use and shut down the production of microwaves? Find out the Truth,11/8/2021,0
ID0043,C:\Users\A S U S\Downloads\Health Images\Images\43.png,A passage being shared widely on Social Media platforms claims that McDonald’s burgers are unfit for human consumption. The message attributes the statement who Celebrity chef Jamie Oliver who has reportedly proved that the food they sell is not fit to be ingested as it is highly toxic due to the use of bacteria-killing ammonium hydroxide to “wash” the meat. ,Outdated message claims Celebrity Chef has proven that McDonald’s Burgers are toxic,12/21/2021,0
ID0044,C:\Users\A S U S\Downloads\Health Images\Images\44.png,"Chronic Kidney Disease of Unknown Etiology (CKDu) has been a major concern in Sri Lanka, especially in the North Central Province as well as some other parts of the dry zone, claiming lives of hundreds of locals over the past few decades. Many researches conducted so far in the country to find out actual causes for CKDu, has not been able to reach a common conclusion or consensus regarding the CKDu. Meanwhile, President Gotabaya Rajapaksa tweeted that chemical fertilizers were contributing a lot to the CKDu. We fact checked this claim to find out what factors can be held responsible for CKDu and how much the use of chemical fertilizers has to do with it. ",Are Chemical Fertilizer Significantly Contributing to the CKDu in Sri Lanka?,12/8/2021,0
ID0045,C:\Users\A S U S\Downloads\Health Images\Images\45.png,"The Omicron variant of coronavirus is spreading fast with massive spikes in daily cases in various nations. World Health Organization has even warned that half of Europe to be infected with Omicron within the next six to eight weeks.
In India alone, 268,833 new Covid-19 cases and 402 deaths in the last 24 hours were reported. There are now 6041 Omicron cases in the country till Saturday morning.
Amidst this new wave of the Covid-19 infections, a news report is making rounds on social media claiming that Europe is considering relaxing mask and vaccine mandates and treating Covid-19 as ‘flu’.
Users have been sharing the link and the screenshot of the news article by Orissa Post titled: “No more Mask and Vaccine Mandate: Europe starts considering covid-19 as flu asks people to live with it” (Archived). ",EXPLAINER: Has Europe Proposed To Relax Mask And Vaccine Mandate? ,1/17/2022,0
ID0046,C:\Users\A S U S\Downloads\Health Images\Images\46.png,"Anyone who has been following the latest developments in managing Covid-19, has surely come across the term self-testing kits or Rapid at-home Antigen testing kits recently. If someone has been experiencing symptoms or has just been to a Covid-19 hotspot, rapid at-home antigen testing kits are very good way to check if they should be worried. These tests are different from the RT-PCR tests and there are some posts on social media that claim the self-testing kits aren’t reliable enough and are likely to give mostly False results. ",EXPLAINER: How accurate are Rapid Antigen Tests or Self-Tests in detecting Covid-19?,1/15/2022,1
ID0047,C:\Users\A S U S\Downloads\Health Images\Images\47.png,"A video allegedly showing a rice mill where plastic sheets converted to create artificial plastic rice is circulating on social media. The users sharing the video claim that the video shows a plastic rice-producing factory. We can see a man putting plastic sheets from one end of the machine, which turns these sheets to small plastic pellets shaped like rice grains. The text burnt inside the video mentions “Making of plastic rice, be careful before you buy rice”. ",Video of manufacturing process of plastic granules shared as production of plastic rice. ,2/7/2022,0
ID0048,C:\Users\A S U S\Downloads\Health Images\Images\48.png,"Chinese researchers have said that they have found a type of coronavirus that spreads among bats in South Africa. It is called NeoCov. 
With the emergence of their findings, News articles mentioned NeoCov as the new deadly variant of Coronavirus which causes Covid-19 disease. 
Users have been claiming NeoCov is going to be the next threat after Omicron wreaked havoc. Some even claimed that World Health Organization (WHO) had issued a warning that if NeoCov spreads, three people may die each day. ",Explainer: Is NeoCov A New variant of Coronavirus like Omicron?,2/3/2022,0
ID0049,C:\Users\A S U S\Downloads\Health Images\Images\49.png,"COVID19 pandemic continues to have a great impact among communities around the world, amounting to over 5 million deaths over the past 2 year period. Despite best efforts of the health officials in promoting vaccination drives, emergence of new virus variants have made the task of minimizing the spread of virus even more difficult as well.  
In this scenario we noticed a viral claim on social media claiming that certain countries had relaxed all health guidelines, treating COVID19 as another seasonal flu. However, our investigation proves this is yet another hoax. ",Ten countries have removed all Covid19 precautions? Germany found gargling with hot water eradicates Covid19? Find out the truth!!,2/1/2022,0
ID0050,C:\Users\A S U S\Downloads\Health Images\Images\50.png,"Sri Lanka is facing a very difficult time due to an intensifying economic and political crisis. Limited supply of essential items, daily power outages and long queues for fuel and gas are common sights around the country, which has resulted in island wide public protests against the ruling regime.","Is Water in Colombo not suitable for Consumption, due to Chlorine shortage and Purification issues? Find out the Facts… ",4/14/2022,0
ID0051,C:\Users\A S U S\Downloads\Health Images\Images\51.png,"A short video clip shared was widely shared among social media users in Sri Lanka, claiming to be a food parcel containing a ‘rat’s head’. However, our investigation found out the hotel had actually served rabbit meat during this incident. ",Rat’s Head Served in A Food Parcel from Hotel NIZAMIYA in Colombo? Find out the Truth…,5/31/2022,0
ID0052,C:\Users\A S U S\Downloads\Health Images\Images\52.png,"With the first case of Monkeypox reported in India, the alarm bells have been started to ring. A 35-year-old man from Kerala returned from the United Arab Emirates (UAE) three days ago where he contracted the disease.
The Monkeypox outbreak began in May when suspected cases were reported in Europe. Around 60 countries have reported outbreaks of the disease. The world has seen 12,556 cases so far. The UK and the US both have more than 1,800 confirmed cases each. 
Now, with the first case in India, Monkeypox has entered in the WHO South-East Asia Region for the first time this year. The health department and experts are warning people to take precautions so as not to have it turn into a widespread outbreak. 
In order to manage the outbreak, World Health Organization (WHO) recommended that countries with infections identify all Monkeypox cases and contacts.
With the information available at World Health Organization (WHO), US Centers for Disease Control and Prevention (CDC), UK Health Security Agency, and India’s Health Ministry, we have created this explainer on Monkeypox. ",EXPLAINER: What Is Monkeypox And How It Spreads?,7/25/2022,1
ID0053,C:\Users\A S U S\Downloads\Health Images\Images\53.png,"International pop star Justin Bieber informed his fans about a rare medical condition he was diagnosed with; known as Ramsay Hunt syndrome. He explained that due to this disease, he was unable to move one side of his face and said this was the reason why he cancelled some concerts.
After this, a viral post on social media, claims that Justin Bieber has blamed the Covid-19 vaccines for his medical condition and the reason for his partial paralysis. Users are sharing a news report by the Vancouver Times who reported that Bieber plans to sue Pfizer for causing paralysis.
The caption of the post states, “Justin Bieber now admits that he regrets taking the Covid-19 vaccine, saying that it left him with permanent paralysis in his face. Bieber reportedly plans on suing Pfizer for causing his paralysis, despite the fact the company is shielded from liability.” ",Justin Bieber did not blame Covid-19 vaccine for his facial paralysis. ,7/16/2022,0
ID0054,C:\Users\A S U S\Downloads\Health Images\Images\54.png,"The viral video is edited to give a false impression that Albert Bourla said that his company’s goal is to reduce 50% of the population of the world.
As the world still struggles to fight Covid-19, doctors, and medical experts urges everyone to vaccinate in order to stand strong against this pandemic. Amidst this, a video of Pfizer CEO Albert Bourla is widely circulating on social media, claiming that he said that his company’s goal is to reduce 50% of the population of the world. However, our investigation found these to be misleading as the claim had been made based on an edited version of a speech by the Pfizer CEO by omitting part of his full statement. ",Pfizer CEO did not say that Pfizer aims to reduce the world population by 50% ,8/19/2022,0
ID0055,C:\Users\A S U S\Downloads\Health Images\Images\55.png,"As World Health Organization (WHO) declared the Monkeypox virus as a global health emergency, a lot of false information is also circulating around the Monkeypox virus. The United States has recently declared it as a national emergency.
Amidst this, an image carrying information about the monkeypox virus has widely circulating on social media with the claim that BBC News published this image. The post states that the Center for Disease Control and Prevention (CDC) has classified the virus as an airborne disease. It goes on to state that it is a form of herpes, which can further lead to paralysis. ",Edited image of BBC viral claiming Monkeypox is an airborne disease,8/13/2022,0
ID0056,C:\Users\A S U S\Downloads\Health Images\Images\56.png,"This is our investigation on a misleading video which went viral among Sri Lankan social media users, claiming that a cake brand in the local market had inserted drugs inside the product, which would lead to paralysis among children. ",A staged video shared as a Chinese cake brand with pills that causes paralysis among children!,9/17/2022,0
ID0057,C:\Users\A S U S\Downloads\Health Images\Images\57.png,"Kidneys are vital organs of human life. Hence, we often come across a number of social media posts highlighting the importance of healthy kidney functionality. However, the accuracy of the content mentioned in these is not guaranteed. ",It is NOT advisable to rely on this Scent Leaf treatment for Kidney diseases!,10/26/2022,0
ID0058,C:\Users\A S U S\Downloads\Health Images\Images\58.png,"Stray dogs are common in many countries worldwide and are a common sight in the South-Asian region. Some of these dogs are also seen suffering from various diseases. Among them, scabies, rash infections, etc., are prominent. We often come across many Samaritans who also like to help such dogs.
In such a background, social media posts have been shared for several years, claiming that one of the easiest and most effective ways to help these dogs would be to provide them with drugs like Ivermectin and Prazimec-D. ",Why should we be careful when giving drugs like Ivermectin or Prazimec-D to dogs suffering from skin diseases?,10/22/2022,1
ID0059,C:\Users\A S U S\Downloads\Health Images\Images\59.png,"The covid-19 pandemic continues to make headlines with various new variants and sub-variants, and social media streams often get flooded with such content. This is our investigation of viral misinformation on social media about XBB – a sub-variant of Omicron. ","XBB subvariant of Omicron is highly transmissible yet not deadly, as viral posts claim!",11/7/2022,1
ID0060,C:\Users\A S U S\Downloads\Health Images\Images\60.png,"The world braced for a new possible wave of Covid-19, and misinformation regarding it also revived with the deadly virus. An old video of a group of doctors falsely claiming coronavirus is nothing but the seasonal flu virus is doing rounds on social media. 
The viral video has now been attributed to World Health Organization (WHO) along with a claim that the WHO admitted its mistake and took a U-turn from its earlier position by calling coronavirus a seasonal flu virus.",WHO Did not declare Corona a Seasonal Virus; A False Claim Goes Viral!,12/31/2022,0
ID0061,C:\Users\A S U S\Downloads\Health Images\Images\61.png,"A couple of months back India started the first phase of 5G services in limited cities. However, misinformation about the service is being shared on social media. 
It is claimed that 5G radiation is lethal and is the reason behind the death of many birds.",Is 5G radiation harmful and lethal for birds and humans? Know the truth. ,12/22/2022,0
ID0062,C:\Users\A S U S\Downloads\Health Images\Images\62.png,A graphic poster circulating on social media claims that Cadbury’s product Oreo biscuit is forbidden for Muslims because it is made from ‘fat and pork milk.’ Sharing this poster users mention that Cadbury themselves have agreed that their product contains pork fat and milk,Graphic claiming Oreo biscuits contain ‘pork fat and milk’ is Fake!  ,1/25/2023,0
ID0063,C:\Users\A S U S\Downloads\Health Images\Images\63.png,"Diabetes is one of the most common non-communicable diseases, which can be found worldwide—millions of people suffer from it. People who are in various stages of life have to face the consequences related to diabetes despite the fact in which age they are. While researchers and lab experiments are going on, there have been many social media posts and new drugs/treatment methods related to diabetes. However, the content of some social media posts is false and misleading. ",A genius Philippine Student Has NOT Invented a Treatment for Diabetes! Find Out the Facts…,1/16/2023,0
ID0064,C:\Users\A S U S\Downloads\Health Images\Images\64.png,"This picture, stating the critical harm of wireless Bluetooth, was widely shared on the internet. The picture contains a wireless headphone image beside the image of the human brain, leading the readers to feel that Bluetooth headphones affect our brains. ",The widely-shared picture about the dangers of Bluetooth headphones doesn’t have enough proof,1/6/2023,0
ID0065,C:\Users\A S U S\Downloads\Health Images\Images\65.png,"As we all know, millions of living species depend on Oxygen for breathing, including humans. Has the oxygen percentage been the same throughout history? What provides the highest percentage of Oxygen to the planet? These are some of the intriguing questions many argue about. 
When asked about what kind of plants mostly produce oxygen, most would comment on an abundance of green trees. While most are aware of the importance of trees and their photosynthesis process, the same cannot be said about sea plants, specifically sea plankton.",Sea Plankton or Trees? Provides the most percentage of Oxygen to Our Planet ?? …,2/2/2023,1
ID0066,C:\Users\A S U S\Downloads\Health Images\Images\66.png,"TikTok has become a popular platform for creating and sharing viral trends. The platform has given rise to numerous trends, ranging from dance challenges to viral memes, and has even popularized new food trends such as “cloud bread” and “whipped coffee.” With over one billion active users, TikTok has the power to launch a trend in a matter of hours, and Placentophagy is no exception.
As more and more women share their experiences with consuming their placenta on the platform, the trend has gained momentum and sparked both curiosity and controversy. Here is our report on this topic.
A viral tweet recently shared about a trend on TikTok. The Twitter user expressed surprise upon learning about the trend, and the tweet has gained over 2.6 million views with diverse opinions in the replies section. ",TikTok Trend Check: Can Consuming Your Placenta Really Provide Health Benefits? ,3/3/2023,0
ID0067,C:\Users\A S U S\Downloads\Health Images\Images\67.png,"We often come across many purported home remedies claiming to be cancer treatments. While many such methods can help alleviate some pain and symptoms, resorting to these practices, which are not clinically proven, is not advised since the excessive usage of such home remedies could have adverse effects.
This is our investigation regarding recurring viral posts which state that cancer is cured by eating fruits on an empty stomach and that cancer is formed by drinking cold water. ",No Evidence To Suggest That Eating Fruits on an Empty Stomach Cures Cancer! ,4/26/2023,0
ID0068,C:\Users\A S U S\Downloads\Health Images\Images\68.png,"Due to the prevailing high temperatures in Sri Lanka, it is important to be vigilant about your health, especially those who have health problems. Extreme hot weather can be dangerous, and recently there have been reports of heatstroke causing people to faint and even sometimes causing deaths. Unfortunately, we also encounter misleading information that is spread on social media, sometimes shared with the good intentions of educating the public.", Is it Dangerous to Drink Cold Water in Hot Weather? Find out the facts…,4/26/2023,0
ID0069,C:\Users\A S U S\Downloads\Health Images\Images\69.png,"A new coronavirus subvariant, XBB.1.16, known as Arcturus, has raised concerns among global health authorities. The World Health Organization (WHO) classified this variant as a “variant under monitoring,” indicating its potential to spread and cause infections. 
Arcturus has gained traction in India causing a surge in cases and prompting the reinstatement of mask mandates in certain states. 
According to the data put out by Union Health Ministry on Wednesday, over 10,542 new infections were reported in the last 24 hours alone. It highlights a concerning increase in the total number of active cases in the country, which now stands at 63,562.",EXPLAINED: What is Arcturus? Is Conjunctivitis a Symptom of XBB.1.16 Variant? ,4/21/2023,1
ID0070,C:\Users\A S U S\Downloads\Health Images\Images\70.png,"Misinformation about health is everywhere on social media and can lead to widespread misunderstandings. With social media platforms on the rise, it has become easier than ever for people to share their opinions and beliefs, even if they are not valid. Unfortunately, this has led to many false health claims that can be dangerous to those who believe them.
One example of such misinformation is the viral claim that someone died from eating shrimp or prawns with Vitamin C. ",Fearmongering Viral Claim: Scientific Evidence Proves Eating Shrimp and Vitamin C is Safe,4/12/2023,0
ID0071,C:\Users\A S U S\Downloads\Health Images\Images\71.png,"A recurring viral message among social media users, especially those who ridicule the efforts of animal conservationists, claims that a PETA activist got herself impregnated with the sperms of a Gorilla in order to preserve an endangered gorilla species. While many commented sarcastically on these posts, many were curious whether this kind of event really occurred. First, let’s look at the claim in detail. ",Did This PETA Activist Impregnate Herself with the Sperm of an Endangered Gorilla Species? Find out the facts…,5/22/2023,0
ID0072,C:\Users\A S U S\Downloads\Health Images\Images\72.png,"Various home remedies often get widely circulated among social media users, touted as cures for some deadly diseases. As a result, many people blindly follow these methods without medical supervision, saying that the things mentioned in these methods benefit the body.
However, many need to be made aware that continuing to follow some of these remedies over a long period without consulting a doctor risk developing new undesired conditions. Below is our investigation into the accuracy of a widely circulated post claiming to be cancer prevention circulating on social media in a slightly misleading way. ",Misleading Claims Viral as Dr. Gupta’s Advice to be Followed Regarding Cancer!,5/12/2023,0
ID0073,C:\Users\A S U S\Downloads\Health Images\Images\73.png,"It’s well-known that cardiovascular diseases and, more specifically, heart attacks contribute to millions of deaths every year. Social media and mainstream media are filled with discussions on how to avoid heart attacks, treatment methods and how to help a person who suddenly gets a heart attack immediately. While some of such social media posts include accurate details, some social media posts include harmful misinformation about treatments and first aid. 
Imagine that a small action like tapping the inner elbow can miraculously reduce the risk of a heart attack. Today, we investigate the famous video that makes the sensational claim that slapping the inner elbow can prevent a heart attack. ",Slapping the Inner Elbow Is NOT A Recommended Treatment during a Heart Attack!,6/12/2023,0
ID0074,C:\Users\A S U S\Downloads\Health Images\Images\74.png,"At a time when drugs and their pros and cons are increasingly being discussed, it is common to see the spread of falsehoods related to some of the drugs. This will not only mislead the public but can also create unnecessary fear.
Below is our investigation on one occasion where fake posts went viral among social media users, claiming that a Machupo virus was found in Paracetamol P-500! ","No, the P-500 Paracetamol tablet does NOT have the Machupo virus!",7/3/2023,0
ID0075,C:\Users\A S U S\Downloads\Health Images\Images\75.png,"It`s well-known that increasing Carbon Dioxide has been causing more catastrophic results on Earth, including global climate change and related effects. However, certain groups, including climate change deniers, are trying to convey to the public that increased Carbon Dioxide helps increase plants’ photosynthesis, paving the way for more food production. Let’s look at such claims. ",Increased Carbon Dioxide Levels DO NOT Always Results in Good Harvest from Crops!,7/24/2023,1
ID0076,C:\Users\A S U S\Downloads\Health Images\Images\76.png,"Tornados can account for enormous property damage in a short span of time, and every year we hear such stories, especially from the USA. Recently a massive EF3 tornado touched down in North Carolina with winds up to 150 mph, creating huge damages and also destroying a Pfizer facility in Rocky Mount. 
Soon after, social media was flooded with many posts about the incident; Anti-vaxxers celebrated the destruction, stating its God’s intervention to destroy Covid19 vaccines.",Did a Recent Tornado destroy a Pfizer Warehouse Filled with Covid-19 Vaccines?,7/22/2023,0
ID0077,C:\Users\A S U S\Downloads\Health Images\Images\77.png,Climate Change deniers sometimes come up with bizarre and unpleasant claims to discredit the organizations and individuals campaigning for climate action. One recent claim targeting the World Economic Forum claimed that WEF had declared that humans would have to eat faces and drink urine to fight climate change. Let’s look at the claim in detail. ,Did WEF Mandate that Humans Must Eat Faces and Drink Urine to Fight Climate Change? ,7/21/2023,0
ID0078,C:\Users\A S U S\Downloads\Health Images\Images\78.png,"Human papillomavirus (HPV) is a sexually transmitted infection (STI) which primarily spreads through skin-to-skin contact during sexual activities. However, there has been recent discussion on social media expressing concern about the possibility of HPV infection from other sources not related to sexual activity, such as using public restrooms. ",Can we get HPV from using public toilets?,7/15/2023,0
ID0079,C:\Users\A S U S\Downloads\Health Images\Images\79.png,"Since the beginning of the vaccination drive for the Covid-19 pandemic, anti-vaccination posts have spread rapidly on social media. Many of those posts state that vaccination is unhealthy and can have adverse effects on your body, hence discourage to take part. ",WHO has NOT revealed any link between fully vaccinated women and babies with heart defects!,7/13/2023,0
ID0080,C:\Users\A S U S\Downloads\Health Images\Images\80.png,"We have already done several fact checks on top of the adulterated food notifications. A video is currently going viral that shows a person scooping out an artificially manufactured substance and pouring it into a mold of an egg
The caption states “CHINESE ARTIFICIAL EGGS…, WAHALA DEY O.
IT IS ALL OVER THE WORLD…
YOU EAT IT, YOU ARE ON YOUR Own ” The video is being circulated with the claim that these are artificial eggs being sold as real eggs.",Production of toy eggs in China shared as manufacturing of plastic fake eggs,7/10/2023,0
ID0081,C:\Users\A S U S\Downloads\Health Images\Images\81.png,"Two inmates from Boossa prison in Galle, Sri Lanka, recently succumbed to Meningococcal disease, a contagious illness. Subsequently, prison authorities promptly implemented measures to contain the spread of the disease. Amidst these events, some misleading claims have arisen regarding the nature and extent of the disease’s transmission. This investigation aims to address and clarify these assertions.","Meningococcal disease has not spread virally in Galle, Sri Lanka!!",8/26/2023,0
ID0082,C:\Users\A S U S\Downloads\Health Images\Images\82.png,"Medical innovations are helping all human beings to live healthy and longer lives. With the development of technology, social media are flooded with superior innovations. However, some such posts mislead the public and create unnecessary discussions in medical communities.",Unveiling the Reality Behind the Viral ‘Revolutionary’ Medical Imaging Video,8/25/2023,0
ID0083,C:\Users\A S U S\Downloads\Health Images\Images\83.png,"A toaster is a small kitchen device designed for quickly preparing toasted bread, bagels, and certain pastries. It operates by utilizing heating elements positioned on each side of the food item, ensuring uniform toasting on both sides. Additionally, toasters come equipped with removable crumb trays, facilitating convenient and swift cleaning. However, some social media posts suggest the different usage of toasters. This is our investigation of such posts.",Is it safe to heat food items by turning the toaster on its side? ,8/9/2023,0
ID0084,C:\Users\A S U S\Downloads\Health Images\Images\84.png,"Humans usually like to help each other, especially when someone becomes sick; others around him try to cure him in various ways, from blood donations to money donations. With the development of technology, social media is being used to gather people who like to help patients in various ways. However, some social media posts seeking patient help sometimes mislead the public. ",Claims of LRH Doctor Who Has Leukemia Requiring Blood Donors Are Misleading,8/7/2023,0
ID0085,C:\Users\A S U S\Downloads\Health Images\Images\85.png,"Forwarded messages regarding healthy lifestyles and well-being are frequently circulated on social media and often get shared among friends and family members to express concern or care for others. Recently, a viral message claiming that warm water has numerous health benefits and that it could cure various medical conditions has been spreading on WhatsApp and Facebook. ","As the viral message suggests, warm water cannot cure different illnesses!",9/29/2023,0
ID0086,C:\Users\A S U S\Downloads\Health Images\Images\86.png,"News of yet another Nipah virus outbreak in Kerala, India, has also created a spark about the topic in Sri Lanka. As a result, social media circles are flooded with advisory messages about this virus, yet some of these posts are not verified.
Here we try to investigate a claim about two kids suspected of Nipah infection getting treated at LRH. ",Explainer von Viral Claims of Two Children Being Treated for Nipah Virus at LRH!,9/28/2023,0
ID0087,C:\Users\A S U S\Downloads\Health Images\Images\87.png,"Sri Lanka was facing a shortage of eggs in the local market a few months ago, and to address the situation and to control the increasing egg prices, the SL government decided to import eggs from India. However, several concerns have been raised, questioning the quality of these imported eggs.
In such a background, a new fear of using these eggs is spreading in society, claims of plastic eggs! We decided to do a fact-check and explain the facts behind such claims with the comments made by the authorized parties and committees.",Clarification on Misleading and Unverified Video Claims of Plastic Eggs in Sri Lankan!,9/27/2023,0
ID0088,C:\Users\A S U S\Downloads\Health Images\Images\88.png,"There are posts circulating on social media saying that it is suitable to follow various hand medicine methods, referring to cancer treatment. Many people resort to following such guidelines, not caring about their accuracy. Below is our fact-finding of a social media post that includes such misleading guidelines.","Drinking Bitter Gourd slices immersed in hot water, does not cure cancer!",9/16/2023,0
ID0089,C:\Users\A S U S\Downloads\Health Images\Images\89.png,"In a recent episode of “The Joe Rogan Experience,” A British cardiologist, Aseem Malhotra, asserted that the COVID-19 vaccine may raise the chance of significant side effects, such as heart attacks. Malhotra claims that compared to hospitalization with COVID-19 alone, people were more likely to suffer major adverse effects from COVID-19 immunization, as seen in the studies leading to vaccine licensure. – 26th October, 2023. ", Is it true this statement about the COVID-19 vaccine and Severe Adverse Risk for Heart attacks?,10/26/2023,0
ID0090,C:\Users\A S U S\Downloads\Health Images\Images\90.png,"Massive vaccination campaigns against the COVID-19 pandemic were launched during the global pandemic. It is a proven fact that vaccination has contributed to reducing deaths, mitigating pandemic risks, and paving the way for the world to recover from the pandemic. However, there has recently been a wave of social media posts criticizing vaccinations, some claiming that the side effects of vaccinations are causing various physical disorders in humans, such as heart attacks. There have also been many posts criticizing vaccinations and the pharmaceutical industry. This investigation is about one such misleading social media post.",Robert De Niro`s Old Video Criticizing Vaccines and Pharmacological Industry Shared As Current,10/5/2023,0
ID0091,C:\Users\A S U S\Downloads\Health Images\Images\91.png,"In the age of social media, misinformation can spread rapidly, especially when accompanied by sensational claims that capture public attention. Recently, a viral post on Facebook claimed that China is planning to reclassify Coca-Cola as a cleaning product instead of a beverage. This alarming assertion has garnered significant attention and raised concerns about the safety of consuming this popular soft drink.",Debunked: China Does Not Reclassify Coca-Cola as a Cleaning Product!,11/27/2023,0
ID0092,C:\Users\A S U S\Downloads\Health Images\Images\92.png,"With the world still recovering from the COVID-19 pandemic, any unusual outbreak raises concerns about its potential for rapid spread and impact.
In such a concerning turn of events, China is grappling with a surge in cases of an unidentified respiratory illness that is leading to cases of pneumonia among children.
Health authorities around the world are on high alert as China launched an urgent investigation into the outbreak of respiratory illnesses. World Health Organization (WHO) asked China to share more information about the situation. 
Although the precise nature of the illness remains uncertain, initial indications point towards a probable resurgence of common respiratory pathogens.
Indian Union Health Ministry said it is closely observing the recent increase in respiratory illnesses among children in northern China. No unusual pathogens or unexpected clinical presentations have not been detected in India. The ministry expressed that the potential risks to India appear to be minimal.",EXPLAINED: What is New Mysterious Disease in China?,11/25/2023,1
ID0093,C:\Users\A S U S\Downloads\Health Images\Images\93.png,"The lungs and respiratory system perform a vital function in the body, allowing oxygen in the air to be taken into the body while also getting rid of carbon dioxide in the air breathed out. However, can you identify whether your lungs are in excellent health according to how many seconds you can hold their breath? Let’s look at the viral claim first.",What Are The Limitations Of Taking A Breath- Holding Test To Determine Lung Health?,11/13/2023,0
ID0094,C:\Users\A S U S\Downloads\Health Images\Images\94.png,"Imported tissues from China have become increasingly popular in many parts of this region, primarily because of their lower price compared to domestically produced tissues. However, there are concerns about the quality and safety of these products raised by several users on social media. Specifically, there are concerns about products with codes ending in 810 and 808. This topic has recently sparked discussions in the online community. ",Is it true that tissue from China is contaminated and should not be used on the body?,12/26/2023,0
ID0095,C:\Users\A S U S\Downloads\Health Images\Images\95.png,"The ever-evolving world of COVID-19 has thrown another curveball our way with the emergence of the JN.1 variant. This Omicron subvariant, first detected in August 2023, has rapidly gained ground, raising concerns about its potential impact on the pandemic’s trajectory. ",JN.1 Variant: A New Omicron Subvariant on the Rise(Covid 19 Update),12/22/2023,1
ID0096,C:\Users\A S U S\Downloads\Health Images\Images\96.png,"In an age where information spreads rapidly, the internet has become a hub for both knowledge and misinformation. This is particularly true in the realm of health, where sensational claims often capture attention. Lately, there has been a surge of panic on online platforms, driven by the claim that a new virus, hMPV, is emerging. ","hMPV is ‘not’ a new type of virus, as claimed on social media",12/5/2023,1
ID0097,C:\Users\A S U S\Downloads\Health Images\Images\97.png,"In the age of social media, even food can go viral, drawing worldwide attention and sparking conversations. A recent unusual phenomenon known as ‘Rainbow Meat’ has fascinated internet users. This image sparked debates and aroused curiosity online. ",Find out the Real Facts Behind Fear Mongering Misleading Claims on ‘Disease X’!,1/17/2024,0
ID0098,C:\Users\A S U S\Downloads\Health Images\Images\98.png,"In the realm of skincare, the use of sheet masks has become a popular and cherished practice. However, a common claim has emerged suggesting that storing sheet masks in the fridge can undermine their effectiveness by causing pores to constrict when applied cold. In this article, we’ll delve into the science behind this assertion and explore whether there’s any truth to it. ",Do Sheet Masks Lose Effectiveness When Refrigerated?,1/11/2024,0
ID0099,C:\Users\A S U S\Downloads\Health Images\Images\99.png,A screenshot of a tweet attributed to Fox News claims that 68% of individuals who used Ivermectin to treat or prevent COVID-19 are suffering from long-term bowel and urinary incontinence. ,Misleading News on Ivermectin Created and Being Spread As Screenshots of Tweets of Fox News,2/13/2024,0
ID0100,C:\Users\A S U S\Downloads\Health Images\Images\100.png,". One of the strategies adopted by drug dealers to lure young clientele is mixing substances with over-the-counter pain remedies and other familiar products, at times even candy products. As a result, once in a while, viral advisory messages get shared about the detrimental effects of certain candy products. 
But how many such claims are really related to drugs, and how many are exaggerations with little or no factual basis? We validated viral claims on a candy brand called “Tattoo Popping Candy”, which was said to contain addictive substances and is not suitable for children",Does “Tattoo Popping Candy” Contain Addictive Substances? Find out the facts…,3/30/2024,0
ID0101,C:\Users\A S U S\Downloads\Health Images\Images\101.png,"It is widely used to spread false information among people by deceiving Facebook users through posts, photos and videos that can mislead people through sensitive issues. A post about a free kidney donation was widely circulated on social media and the facts we did to find its accuracy are revealed below. ",Revived Hoax: Misleading Message on Kidney Donation,3/27/2024,0
ID0102,C:\Users\A S U S\Downloads\Health Images\Images\102.png,"Social media platforms serve as powerful tools for disseminating crucial messages quickly among society. They offer unparalleled reach, allowing information to spread rapidly. However, the downside is that messages can often become distorted or misrepresented as they circulate through various online channels over a period of time. This distortion can stem from deliberate manipulation, misinterpretation, or simply the fast-paced nature of social media communication. ",Clarification on Viral Messages Regarding Rotary Club’s Cardiac Surgery Program Linked with LRH!,4/19/2024,1
ID0103,C:\Users\A S U S\Downloads\Health Images\Images\103.png,"During hot weather, numerous health advisories circulate about how to take care of your body, such as the claims of drinking cold water in hot weather. Recently, we came across information suggesting that washing your hair before showering could potentially rupture brain blood vessels.",Is it true that washing hair before showering can cause a stroke? ,4/10/2024,0
ID0104,C:\Users\A S U S\Downloads\Health Images\Images\104.png,"Facebook ads are often used to promote fashion and beauty products online. A viral promotion of a breast beauty serum, claiming to have the miracle power of preventing breast cancer in women, has been widely made on social media platforms for the past few years. However, after checking with health agencies and medical experts, we discovered the information in the promotion was false",A Breast Beauty Oil Promoted with Misleading & Exaggerated Information!,5/24/2024,0
ID0105,C:\Users\A S U S\Downloads\Health Images\Images\105.png,"Social media users often engage in discussions on topics related to a wide array of food items, flavors, and ingredients, contributing to a vibrant online food culture. However, amidst these conversations, there’s a concerning trend of spreading misleading information about food production companies. 
This misinformation can create misconceptions about product quality, safety, and sustainability, potentially impacting consumer trust and choices. It underscores the importance of critical thinking and fact-checking in navigating the information available online, especially concerning matters such as food production and consumption. ","Tyson Foods teamed up with Protix To create Insect Protein for Animals, not for human consumption!",5/16/2024,1
ID0106,C:\Users\A S U S\Downloads\Health Images\Images\106.png,"AstraZeneca, one of the leading vaccine manufacturers, has admitted in a legal submission that the COVID-19 vaccine they have manufactured can cause blood clotting and a reduction of platelet count in the body. With this news, many social media users in Sri Lanka started to blame the Indian government and the government in Sri Lanka that made attempts to bring these vaccines to Sri Lanka for allowing Covishield, the Indian version of the AstraZeneca Covid Vaccine, to be injected into people. Also, these posts have indicated that the people vaccinated with this vaccine are at a health risk. So, we fact-checked this issue that had been shared on social media. However, our investigations indicate that though the claim about the risk of blood clotting and platelet count reduction due to the vaccine is valid, the probability of such a situation is low. ",Are the People who got AstraZeneca Vaccine for Covid-19 at a Risk of Blood Clotting and Reduction of Platelet Count?,5/13/2024,1
ID0107,C:\Users\A S U S\Downloads\Health Images\Images\107.png,"Especially when it comes to health tips and weight control methods, people tend to believe many methods and products without proper background checks. In many instances, so-called miracle products are advertised on Facebook and other social media platforms. Below is a fact check conducted by Fact Crescendo regarding a business that scammed people with a purported weight loss product. ",Beware of weight loss scams such as GRACIA LATTE!,5/4/2024,0
ID0108,C:\Users\A S U S\Downloads\Health Images\Images\108.png,Concerns about the impact of Electromagnetic Field (EMF) radiation from Wi-Fi routers on both plant growth and human health have gained attention recently. Claims that Wi-Fi radiation can inhibit plant growth and pose health risks to humans need to be scrutinized. This article investigates the validity of these claims by examining scientific studies and expert opinions. ,Does  EMF Radiation from Wi-Fi Routers effect on Plant Growth and Human Health?,6/22/2024,0
ID0109,C:\Users\A S U S\Downloads\Health Images\Images\109.png,"The misuse of social media platforms to tarnish the reputation of major companies is a growing concern. Misleading content, such as videos, images, and other forms of media, is being deliberately spread to distort the public perception of these companies.  ",Coca-Cola firmly Denies any connection to the Viral Video Of Purported Coca-Cola Bottling Process in Unsanitary Conditions! ,6/5/2024,1
ID0110,C:\Users\A S U S\Downloads\Health Images\Images\110.png,"Misleading social media claims about nutrition and harmful food components are spreading frequently on various platforms. These claims often include false information about the health benefits or dangers of certain foods, leading to confusion and potentially harmful dietary choices among the public. For instance, there are numerous posts exaggerating the negative effects of common foods and food additives or promoting unverified health benefits of specific diets. ",Claims about Oats’ Nutritional Value and Mineral Absorption,7/31/2024,0
ID0111,C:\Users\A S U S\Downloads\Health Images\Images\111.png,"Recently, people have become worried about the claim that Nutella, the popular chocolate-hazelnut spread, might cause cancer. This concern comes from the fact that Nutella contains refined palm oil. When palm oil is processed at high temperatures, it can create compounds that might cause cancer. Health authorities, like the European Food Safety Authority (EFSA), have reported the risks of these compounds. This has led to public debate and questions about the safety of eating products with refined palm oil. ",Does Nutella have the potential to cause cancer?,7/31/2024,0
ID0112,C:\Users\A S U S\Downloads\Health Images\Images\112.png,"For various reasons, Sri Lanka is a popular travel destination among Maldivians. Some Maldivians also come to Sri Lanka for advanced medical treatments. 
In this context, a viral WhatsApp message claiming that a large Maldivian contingent diagnosed with Swine Flu was getting treated at a private hospital in Sri Lanka garnered much attention from both countries. ",Don’t Be Misled by Claims of Maldivian Swine Flu Patients at Lanka Hospital! Find out the facts…,7/29/2024,0
ID0113,C:\Users\A S U S\Downloads\Health Images\Images\113.png,"Recent concerns have re-emerged about the potential cancer risks associated with Coca-Cola Zero, primarily due to its use of aspartame, a commonly used artificial sweetener. The International Agency for Research on Cancer (IARC), an agency under the World Health Organization (WHO), classified Aspartame as possibly carcinogenic to humans (Group 2B), which sparked public debate and raised questions about the safety of beverages containing aspartame. ",No Evidence suggests that an average Coke user should be worried about Diet Coca-Cola being Carcinogenic!,7/20/2024,1
ID0114,C:\Users\A S U S\Downloads\Health Images\Images\114.png,"Although Facebook is a popular online marketplace for buying and selling goods, widespread advertisements claiming that HYPOLY products can cure diabetes without prescription drugs have been widely shared on social media. However, after verifying the details, we found that these product promotions are false. ",Exaggerated Ads Claim HYPOLY Capsules Can Cure Diabetes at Home,7/13/2024,0
ID0115,C:\Users\A S U S\Downloads\Health Images\Images\115.png,"People are highly interested in the safety and health implications of the foods they consume, including concerns about parasites and other contaminants. This interest is often amplified by the spread of misleading information on social media, where posts can quickly go viral and cause unnecessary fear or confusion. Accurate and clear communication about food safety is crucial to counteract these misleading posts and provide the public with reliable information about potential health effects.",Fact Check: Viral Video Claims Mites Found on Instant Ramen,7/3/2024,0
ID0116,C:\Users\A S U S\Downloads\Health Images\Images\116.png,"Food additives are substances added to food to enhance its flavor, appearance, texture, or shelf life. They serve various functions, including preserving food, improving taste, and maintaining consistency. These additives have been used for centuries, with ancient practices including the use of salt and vinegar for preservation and spices for coloring. However, as our understanding of these substances deepens, so do the concerns regarding their potential health risks.
In recent years, public concern has shed light on the possible dangers of certain food additives, particularly antioxidants, which are commonly used to prevent food from spoiling.",Unpacking the Hidden Dangers of Food Additives: Are Your Snacks Safe?,7/1/2024,1
ID0117,C:\Users\A S U S\Downloads\Health Images\Images\117.png,"Mpox, formerly known as monkeypox, has become a global health concern. On August 14, 2024, WHO Director-General Dr. Tedros Adhanom Ghebreyesus declared the mpox outbreak a Public Health Emergency of International Concern (PHEIC). This decision was prompted by the rapid increase in cases, especially in the Democratic Republic of the Congo and other African nations, necessitating an urgent international response. The declaration emphasizes the critical nature of the situation and the need for global action. (Source: WHO)
Amid this alarming situation, a claim has gone viral on online platforms suggesting that the latest mpox outbreak is actually shingles caused by the COVID-19 vaccine. ",Mpox Outbreak Not Linked to Shingles or COVID-19 Vaccines,8/26/2024,0
ID0118,C:\Users\A S U S\Downloads\Health Images\Images\118.png,"On August 20, the World Health Organization (WHO) declared a global health emergency due to the mpox virus. This new outbreak is caused by a different strain, clade I, compared to the clade II strain responsible for the 2022 emergency. The WHO’s declaration aims to raise awareness and prompt international action to control the virus’s spread (Source).
Meanwhile, a claim has been circulating on social media and various websites asserting that the WHO has ordered governments to prepare for “mega lockdowns” due to the spread of mpox (formerly known as monkeypox).",WHO Did Not Recommend “Mega Lockdowns” for Mpox,8/21/2024,0
ID0119,C:\Users\A S U S\Downloads\Health Images\Images\119.png,"social media is often a breeding ground for various treatment methods for conditions such as cancer; however, many of these are misleading and without any scientific explanation. Yet, many social media users consume such unverified content widely. Let’s look at one such claim regarding the purported effectiveness of Vitamin B17 in killing off cancer cells.",Does that Vitamin B17 (Amygdalin) Kill Cancer Cells?,8/17/2024,0
ID0120,C:\Users\A S U S\Downloads\Health Images\Images\120.png,"Social media users are actively discussing the various qualities—both good and bad—of foods, particularly grains and other related products. However, some of this content is misleading, spreading inaccurate or false information about the health benefits, nutritional value, and safety of these foods. This misinformation can create confusion and potentially harmful misconceptions among the public. ",Fact-Check of the Viral Video Claims about Oatmeal and Glyphosate,8/14/2024,0
ID0121,C:\Users\A S U S\Downloads\Health Images\Images\121.png,"Many tea drinkers opt for tea bags due to their convenience. In contrast to lose leaf tea, which requires some knowledge and special tools to use, tea bags can contain high-quality tea. However, the bags themselves often have hidden issues.",Do Tea Bags Contain Harmful Microplastics?,8/10/2024,1
ID0122,C:\Users\A S U S\Downloads\Health Images\Images\122.png,"Recently, claims have been circulating on social media that Nurofen, a popular pain relief medication, contains graphene oxide. These claims have sparked concern among consumers about potential health risks. ",Nurofen Does NOT Contain Graphene Oxide,9/27/2024,0
ID0123,C:\Users\A S U S\Downloads\Health Images\Images\123.png,"In recent years, both coconut oil and vegetable oils have become subjects of heated debate regarding their health implications. Viral videos and social media claims often paint these oils in starkly contrasting lights, with coconut oil being hailed as a heart-healthy choice and vegetable oils criticized for their industrial processing. As these claims spread, it’s crucial to scrutinize their accuracy and understand the real science behind these popular cooking oils. ",Are Coconut Oil and Vegetable Oils Misunderstood? Debunking the Health Myths!,11/13/2024,1
ID0124,C:\Users\A S U S\Downloads\Health Images\Images\124.png,"Claim :   A new product in India that can dissolve blood clots without surgery at a very low price !!
Fact :  This is a product that has been introduced previously. This was invented by an American scientist in 2013.And not cost effective
With the advancement of medical science, modern equipment and tools have been found. Social media users often pay attention to this, and sometimes inappropriate social media posts spread. This is an examination of the facts that we carried out regarding such a post. ",A new product in India that can dissolve blood clots without surgery at a very low price?,10/25/2024,0
ID0125,C:\Users\A S U S\Downloads\Health Images\Images\125.png,"Marmite is a British savoury food spread made from yeast extract, which is a by-product of beer brewing. German scientist Justus von Liebig invented it, and Unilever has produced it in the UK. Marmite is known for its strong, salty flavour and is famously marketed with the slogan “Love it or hate it.” The spread is rich in umami due to high levels of glutamate and is a vegan source of B vitamins, including vitamin B12. Traditionally, it’s spread thinly on buttered toast, but it is also used in various recipes or made into a savoury drink. ",Is Marmite Really Addictive?,10/20/2024,0
ID0126,C:\Users\A S U S\Downloads\Health Images\Images\126.png,"Social media is often flooded with discussions about various foods, including their benefits, drawbacks, and potential health impacts. However, not all of these posts are accurate, and some can be misleading, spreading misinformation about nutrition, diets, and food safety. These inaccuracies can lead to confusion  among the public, highlighting the need for careful scrutiny and fact-checking of food-related claims shared online.",Do Wendy’s Chicken Nuggets Contain Alarming Levels of Phthalates?,10/20/2024,0
ID0127,C:\Users\A S U S\Downloads\Health Images\Images\127.png,"A series of posts have been shared on social media for some time stating that CALIN baby soap is harmful to the skin of babies, contains inferior ingredients and has caused damage to the baby’s skin including red blisters and spots. ",Clarification regarding social media posts about CALIN baby soap!,10/17/2024,0
ID0128,C:\Users\A S U S\Downloads\Health Images\Images\128.png,". Pepsi, a leading global beverage brand, often becomes the target of misleading posts and misinformation on social media. These posts may include false claims about its ingredients, health impacts, or corporate practices, sometimes fueling unnecessary fear or boycotts. Such content is often shared without verification, amplifying misinformation. ",Is Diet Pepsi Keto-Friendly?,10/3/2024,1
ID0129,C:\Users\A S U S\Downloads\Health Images\Images\129.png,"Social media often hosts numerous discussions about food items, where misinformation about globally popular brands is frequently spread. These false claims can range from misleading information about ingredients to health risks or ethical practices, causing confusion among consumers. This misinformation can go viral quickly, as food-related topics tend to engage a broad audience, leading to misperceptions about the quality and safety of well-known products. As a result, consumers may make decisions based on incorrect information, which can impact brand reputations and consumer trust globally.",Health-Related Social Media Posts on Maggi Noodles !!,10/2/2024,0
ID0130,C:\Users\A S U S\Downloads\Health Images\Images\130.png,"The claim “One bacon sandwich equals four cigarettes” is a striking comparison meant to draw attention to the cancer risk of processed meats, particularly bacon. It stems from the 2015 announcement by the International Agency for Research on Cancer (IARC) that processed meats are Group 1 carcinogens—the same category as tobacco. ",Does Eating a Bacon Sandwich Equal Smoking Four Cigarettes?,11/25/2024,0
ID0131,C:\Users\A S U S\Downloads\Health Images\Images\131.png,"Recently, even the mainstream media has been reporting misleading news, and people are discussing this. Accordingly, due to a news report in a mainstream newspaper on November 8th, this discussion arose again. So, we decided to do a fact-check on this.",Is there a risk of closing pharmacies across the country?,11/11/2024,0
ID0132,C:\Users\A S U S\Downloads\Health Images\Images\132.png,"Social media users are often eager to discuss various foods, including their origins, nutritional benefits, and processing methods. However, while these posts can be informative, some are misleading or inaccurate, spreading myths and misconceptions about food and nutrition. These inaccuracies can create confusion about which foods are healthy, the safety of different processing techniques, and even what constitutes a balanced diet. As a result, it’s essential for users to critically evaluate the information shared and rely on trusted sources to avoid being misled.",“Unhygienic McDonald’s French Fries” Video,11/6/2024,0
ID0133,C:\Users\A S U S\Downloads\Health Images\Images\133.png,"Social media and mainstream media have been a buzz with reports of Russia developing a new cancer vaccine, which will be freely available to the public. This news has ignited the hopes of cancer patients and their loved ones. We decided to investigate. ",What We Know So Far About The Russian Cancer Vaccine!,12/26/2024,1
ID0134,C:\Users\A S U S\Downloads\Health Images\Images\134.png,"In a significant biosecurity breach, 323 vials containing live virus samples, including Hendra virus, Lyssavirus, and Hantavirus, have been reported missing from the Public Health Virology Laboratory in Queensland, Australia. This breach, which occurred in 2021 due to a freezer malfunction, only came to light in August 2023 during an audit. Authorities have called it a “major historical breach of biosecurity protocols”. ",Missing Virus Samples from Queensland Lab Explained,12/12/2024,1
ID0135,C:\Users\A S U S\Downloads\Health Images\Images\135.png,"False claims about food combinations frequently circulate on social media, sparking needless anxiety and misunderstanding. Among these myths is the assertion that combining persimmons fruit with bananas and yoghurt poses a health hazard. ",Experts Confirm: Eating persimmons with Banana & Yoghurt is NOT Toxic!,12/6/2024,1
ID0136,C:\Users\A S U S\Downloads\Health Images\Images\136.png,"Many social media posts has published that a vaccine given to cancer patients for Rs. 76,000 would be given for Rs. 370. Accordingly, we conducted an investigation to find out the truth of this news that is circulating on social media.","The true story of Rs. 76,000 cancer vaccine being reduced to Rs. 370 !",1/21/2024,0
ID0137,C:\Users\A S U S\Downloads\Health Images\Images\137.png,"As China had already implemented strict public health measures, such as lockdowns, mass testing, quarantine protocols, and travel restrictions, during various COVID-19 waves, a viral post recently circulated widely claiming that China declared a state of emergency due to a surge in respiratory illnesses, including Influenza A, HMPV, Mycoplasma pneumonia, and COVID-19. Despite significant attention and reactions, Fact Crescendo has confirmed that the claim is misleading. ",Has China Declared a State of Emergency Over Respiratory Illnesses?,1/4/2025,0
ID0138,C:\Users\A S U S\Downloads\Health Images\Images\138.png,Misinformation is not limited to a border. It is spreading transboundary. Some misinformation that spread decades ago in the US is currently spreading in South Asia. This is our search about one such issue related to a drug. ,“Strawberry Quik” (A Harmful Drug Among School Children )- Hoax or Real ??,2/2/2025,0
ID0139,C:\Users\A S U S\Downloads\Health Images\Images\139.png,"Claims linking mRNA COVID-19 vaccines to cancer have recently resurfaced on social media platforms, suggesting that the FDA has admitted a connection between Pfizer and Moderna’s mRNA vaccines and cancer. ",FDA Did NOT Admit That Pfizer and Moderna’s mRNA COVID-19 Vaccines Cause Cancer!,3/17/2025,0
ID0140,C:\Users\A S U S\Downloads\Health Images\Images\140.png,"Botox injections for office syndrome relief have recently gained widespread attention, with numerous online users documenting their treatment experiences. Although Botox is primarily known for its cosmetic uses, it has emerged as a trending treatment for work-related muscle pain, particularly among office workers suffering from chronic pain.
This article explores the use of Botox for office syndrome treatment, presenting medical evidence and expert perspectives to help readers make informed decisions about this treatment option. ",Is Botox Helpful for Office Syndrome Patients?,3/12/2025,1
ID0141,C:\Users\A S U S\Downloads\Health Images\Images\141.png,"Information about heart diseases is constantly being shared through social media, as the heart is the most significant organ in our body and is essential in maintaining our health. Especially nowadays, since there is a high tendency of deaths due to heart diseases, it is important for us to pay attention to heart diseases and to prevent heart-related diseases. ","Is Regular Consumption of Alcohol, even in Small Amounts, Good for Heart Health?",3/10/2025,0
ID0142,C:\Users\A S U S\Downloads\Health Images\Images\142.png,"Menstrual pain, also called dysmenorrhea, is a common issue that affects many people and can disrupt daily activities. On social media, you’ll often see natural remedies being shared to help with period cramps. Recently, we found one claim suggesting that eating oranges can reduce menstrual pain. ",Can Eating Oranges Alleviate Menstrual Pain?,3/3/2025,0
ID0143,C:\Users\A S U S\Downloads\Health Images\Images\143.png,"A social media message has been widely circulating on platforms like WhatsApp and Facebook, claiming that hot coconut water can destroy cancer cells. The original post attributes this claim to Dr. Rajendra Badwe, director of TATA Memorial Hospital, one of India’s leading cancer treatment centers. Another version cites Dr. Abbas Hussain Kazmi of Sheikh Zaid Hospital. These messages continue to gain attention and concern among the public. ",Experts Confirm Hot Coconut Water DOES NOT Kill Cancer Cells,4/17/2025,0
ID0144,C:\Users\A S U S\Downloads\Health Images\Images\144.png,"With the recent resurgence of COVID-19, some old myths about the disease have resurfaced, which were debunked a few years ago when the COVID-19 pandemic was wreaking havoc around the world. 
One such claim is that consuming alkaline foods can help fight the coronavirus by raising the body’s pH levels above the virus’s purported optimal pH level. Let’s look at the viral message in detail. ",FALSE: Alkaline Foods Cannot Fight COVID-19 as Viruses DO NOT Have pH Levels,5/29/2025,0
ID0145,C:\Users\A S U S\Downloads\Health Images\Images\145.png,"People easily become anxious and fearful due to false and misleading information circulating on social media platforms regarding various diseases and viral conditions. Accordingly, as information was being exchanged these days that a new Covid virus condition was spreading, we conducted an investigation regarding it. ", Is a high- risk Covid 19 spreading in Sri Lanka these days?,5/24/2025,0
ID0146,C:\Users\A S U S\Downloads\Health Images\Images\146.png,"Various false information are constantly being circulated on social media, misleading users, and since such a false message was circulated on social media these days, we decided to do a fact check regarding that. ",An explanation regarding social media posts which stated about a cure for the paralysis,5/22/2025,0
ID0147,C:\Users\A S U S\Downloads\Health Images\Images\147.png,"As people become increasingly health-conscious, combining green tea with milk has grown in popularity. However, there have been debates on social media about the nutritional impact of drinking green tea with milk, with claims that it destroys green tea’s benefits and prevents calcium absorption. ",Does Adding Milk to Green Tea Impact Its Health Benefits?,5/14/2025,0
ID0148,C:\Users\A S U S\Downloads\Health Images\Images\148.png,"As COVID-19 has once again made headlines, with some cases reported in Sri Lanka as well, the same false messages that were shared during the height of the pandemic are being circulated again through social media platforms. Among these are home remedies purported to be cures for COVID-19.
A fake message that went viral in India in 2021, claiming to be a cure developed by an Indian student using a mixture of ginger, honey, and black pepper, is once again being shared among Sri Lankan users.",An Indian student Did NOT discover a drug to combat COVID-19!,6/9/2025,0
ID0149,C:\Users\A S U S\Downloads\Health Images\Images\149.png,"Various posts are widely shared on social media stating treatments for various severe illnesses such as cancer. Sometimes, due to the seriousness of the diseases, it is common in today’s society to resort to the relevant treatment methods without examining the facts in those posts, and sometimes, those actions have resulted in the loss of lives. 
This is our investigation into such a post shared through social media stating that drinking a few pieces of pineapple with hot water can cure cancer. ",Drinking pineapple pieces with hot water will not cure cancer !,6/7/2025,0
ID0150,C:\Users\A S U S\Downloads\Health Images\Images\150.png,"A post circulated on social media suggesting that there are beer made from feces and urine in the local market, and requesting the people to pay their attention to it. In fact, we conducted an investigation to determine the accuracy of this post, which has misled many people into believing that such products are distributed in this country using wastewater. ",Beer made from feces and urine are in the local market ?,6/3/2025,0
ID0151,C:\Users\A S U S\Downloads\Health Images\Images\151.png,"A viral claim suggesting that sniffing rosemary can increase memory performance by 75% has been circulating on social media platforms and wellness websites. This claim has attracted attention from those interested in natural approaches to cognitive enhancement. However, we found that this claim is misleading.","No, Sniffing Rosemary Does Not Boost Memory by 75%",7/31/2025,0
ID0152,C:\Users\A S U S\Downloads\Health Images\Images\152.png,"Turmeric, a golden-yellow spice derived from the Curcuma longa plant, has long been praised for its medicinal properties. Its active compound, curcumin, is known for its antioxidant and anti-inflammatory effects. Recently, a claim has emerged that turmeric powder can promote weight loss. However, we found that this claim is not strongly supported by scientific evidence. ",Does Turmeric Powder Help with Weight Loss?,7/23/2025,0
ID0153,C:\Users\A S U S\Downloads\Health Images\Images\153.png,"A recent social media video has been circulating that demonstrates facial self-massage techniques, such as upward forehead movements and circular cheek motions, which are claimed to reduce wrinkles and provide anti-aging benefits. While scientific studies do show some real benefits, the evidence is not as dramatic as social media makes it sound. ",Can Facial Massages Really Eliminate Wrinkles?,8/27/2025,0
ID0154,C:\Users\A S U S\Downloads\Health Images\Images\154.png,"A viral claim circulates that dandelion root extract wipes out 95–96% of cancer cells in 48 hours, especially leukemia and colon cancer, without harming healthy cells. However, our fact check found that this claim is inaccurate. ",Can Dandelion Root Extract Kill Cancer?,8/25/2025,0
ID0155,C:\Users\A S U S\Downloads\Health Images\Images\155.png,"There is a growing perception in society that the food we consume to sustain life can sometimes be life-threatening. In many cases, that is not because of any fault in the food itself, but because of various human activities, including the preparation of the food. Here is an investigation we did regarding such a social media post on onions. ",Do onions contain the deadly poisonous fungus Mucormycosis?,8/12/2025,0
ID0156,C:\Users\A S U S\Downloads\Health Images\Images\156.png,"A viral story has been circulating on social media and international news outlets claiming that Russia has developed a new cancer vaccine called Enteromix. Posts and headlines describe it as a breakthrough treatment, with some even stating that it has achieved 100 percent efficacy and will soon be distributed freely in Russia. The story has generated significant interest, but closer examination shows that these claims are scientifically premature and misleading. ",Russia’s Enteromix Cancer Vaccine Has Not Proven 100% Efficacy in Clinical Trials,9/11/2025,1
ID0157,C:\Users\A S U S\Downloads\Health Images\Images\157.png,"A recent social-media claim is circulating widely, stating that a “single dose” of a new experimental cancer drug caused a woman’s tumor to “nearly vanish” within just five days. Upon our investigation, we found the claim is misleading. ",Viral Claim About “Single Dose” Cancer Drug Causing Tumor to Vanish in 5 Days Is Misleading,10/31/2025,0
ID0158,C:\Users\A S U S\Downloads\Health Images\Images\158.png,"In late September 2025, a South Korean study examining COVID-19 vaccination and cancer risk sparked widespread debate online. Multiple social posts claimed that the research “proved” vaccines cause cancer, citing increased risks for thyroid, lung, prostate, and other cancers. However, we found that the claim is missing context. ",Did the Korean Study Prove COVID-19 Vaccines Cause Cancer?,10/17/2025,0
ID0159,C:\Users\A S U S\Downloads\Health Images\Images\159.png,"According to the World Health Organization (WHO), cancer is one of the deadliest diseases worldwide, claiming nearly 10 million lives each year. In this backdrop, the public attention is drawn towards research claiming progress towards a “cancer cure”.
Several Sri Lankan media outlets and social media users have reported on a “nutritional medicine” developed by the Institute of Biochemistry, Molecular Biology, and Biotechnology (IBMBB) at the University of Colombo, claiming that it can kill cancer cells and it is a potential treatment or prevention for cancer. ",Did the University of Colombo invent a Cancer treatment?,10/17/2025,0
ID0160,C:\Users\A S U S\Downloads\Health Images\Images\160.png,"A viral claim states that a new toxicology study confirmed every lipstick sample across major global brands contains measurable levels of cadmium, a known human carcinogen. After investigation, we found that this claim is inaccurate.","No, Not All Lipsticks Contain Dangerous Levels of Cadmium",10/14/2025,0
ID0161,C:\Users\A S U S\Downloads\Health Images\Images\161.png,"A viral post circulating on Facebook and other social media platforms claims that drinking alkaline water can help prevent or even treat cancer. Such claims have been popular in wellness and alternative-health circles for years, often shared by users promoting “alkaline diets” or homemade detox remedies. However, our review of scientific research and medical guidelines finds this claim to be misleading and potentially harmful. ",Alkaline water does not prevent or treat cancer,10/10/2025,0
ID0162,C:\Users\A S U S\Downloads\Health Images\Images\162.png,"A viral post claims that scientists are close to curing baldness and reversing gray hair with a new injectable drug called ABS-201, made by the biotech company Absci. The post presents this as a major scientific breakthrough that can wake up inactive hair follicles and restart hair growth from the roots. However, our investigation shows that there is currently no scientific proof that ABS-201 can permanently cure baldness or reverse gray hair in humans. ",Scientists Are Not Yet Able to “End Baldness” with an Injectable Drug,11/4/2025,0
ID0163,C:\Users\A S U S\Downloads\Health Images\Images\163.png,"In response to the stern statement made by Cardinal Malcom Ranjith at the occasion of the re-opening of Katuwapitiya church, 3 months after the brutal Easter Sunday bomb attacks, various groups have voiced varied opinions. While some have stated these statements were bold and valid, others have questioned the need of such remarks and the political involvement of the Cardinal.
In this scenario, we found that some Facebook groups and websites have made a claim that the Pope’s recent appointmentof Monsignor Indunil Janakaratne as the secretary to inter-religious dialogue body due to the lack of faith with Cardinal Malcom Ranjith. ",Fact Check: Did Pope Francis appoint Monsignor Indunil Janakaratne due to lack of faith in Cardinal Malcolm Ranjith …?,7/27/2019,0
ID0164,C:\Users\A S U S\Downloads\Health Images\Images\164.png,"Facebook user Saman Sumanaweera had shared a post on how His Eminence Cardinal Malcolm Ranjith made a statement that Lord Jesus should step down from heaven if he is unable to prevent such calamities from happening with reference to the Easter Bombings, which happened on 21st April, 2019. Post further mentions that Lord is spineless and could not take any action to prevent the deadly disaster, which took 250 lives. 
Below is a screenshot of the viral post which appears to have been extracted from a local newspaper. ",Fact Check: Did Cardinal Malcolm Ranjith state that Lord Jesus is spineless and should step down from heaven ?,7/27/2019,0
ID0165,C:\Users\A S U S\Downloads\Health Images\Images\165.png,"Last Wednesday (18th of September), Chairman of the Election Commission, Mahinda Deshapriya notified that the much anticipated Presidential Elections would be held on the 16th of November by an extraordinary gazette notification.
Hence as per the presidential election protocol (THE PRESIDENTIAL ELECTIONS ACT, No. 15 OF 1981), the dates for accepting the nomination of candidates and deposit of securities were made public along with the actual election dates. In this backdrop we found a Facebook post being shared widely, stating that SLPP Secretary Sagara Kariyawasam paid a deposit for presidential election on behalf of Shiranthi Rajapaksa (wife of opposition leader and former President Mahinda Rajapaksa) as reported by Ada Derana. ",Security deposit for Presidential Election 2019 paid on behalf of Shiranthi Rajapaksa ?,9/23/2019,0
ID0166,C:\Users\A S U S\Downloads\Health Images\Images\166.png,"Several news websites reported a news article with a headline “45 army soldiers to convert for Islam religion and planning to launch an attack similar to Easter Sunday Attacks”. This news was later shared by several social media users both in Facebook and Twitter.
According to the websites, a person called Risham Maroosh (President of an organization called the Public Service Organization has expressed these views during a press conference on 16th September at Dambulla. He said he has informed above information to Army intelligence and Prime Minister, and since they have not taken any steps, he reveled the information through a press conference",Army soldiers converted to Muslim planning an attack similar to Easter Attacks ?,9/19/2019,0
ID0167,C:\Users\A S U S\Downloads\Health Images\Images\167.png,"In one of most hyped weddings of the year, Mahinda Rajapaksa’s elder son and parliamentarian Namal Rajapaksa tied the knot with Limini Weerasinghe on 12th of September, with poruwa ceremony and registration taking place at Gangaramaya Temple followed by the wedding reception at Carton House, Tangalle same day evening.
The event attracted a lot of eye balls with a number of high-profile guests and parliamentarians attending the event along with SLPP presidential candidate Gotabaya Rajapaksa and opposition leader Mahinda Rajapaksa. ",Fact-Check : Dr. Shafi and Bathiudeen visits Namal Rajapaksa’s wedding,9/18/2019,0
ID0168,C:\Users\A S U S\Downloads\Health Images\Images\168.png,"With Sri Lankan Podujana Peramuna (SLPP) headed by former president Mahinda Rajapaksa announcing his brother Mr. Gotabaya Rajapaksa (Defense secretary during Rajapaksa regime) as the presidential candidate from the party number of posts have been shared on social media both in his favour and against. 
Even though United National Alliance led by United National Party (UNP) has not yet officially announced a presidential candidate, speculations are high as that would be Deputy Leader of UNP, Minister Sajith Premadasa, as he has publicly stated on him being a candidate for the forthcoming elections. As a result, Minister Sajith Premadasa is also in the limelight on social media political posts ",Did Sri Lankan model Sandani Fernando support any presidential campaign of Gotabaya Rajapaksa or Sajith Premadasa?,9/4/2019,0
ID0169,C:\Users\A S U S\Downloads\Health Images\Images\169.png,"President’s Counsel M. Ali Sabry, who leads SLPP presidential candidate Gotabaya Rajapaksa’s legal team was in the limelight last week with the Court of Appeal deciding to dismiss the writ petition which was filed seeking an Interim Order restraining Gotabaya Rajapaksa from holding out or claiming that he is a citizen of Sri Lanka and from acting on the basis of the purported Dual Citizenship Certificate
Social media steams were a buzz yesterday(08th) quoting a statement from the Facebook account of Mohamed Ali Sabry, claiming that he accepted that Dr. Shafi’s case (who was taken into custody and later released on allegations of forcibly sterilised women during C-section surgeries) was a fabricated story from SLPP ",Fact Check: Ali Sabry states that Dr. Safi saga was staged by SLPP ?,10/9/2019,0
ID0170,C:\Users\A S U S\Downloads\Health Images\Images\170.png,"UNP working committee finally decided unanimously to approve UNP Deputy Leader, Minister Sajith Premadasa as their Presidential candidate after a number of discussions on September 26th and subsequently various posts were published supporting this decision.
We found one photo claim in which award-winning actress and famous TV host Nehara  Peiris was seen holding a photograph of Sajith Premadasa. ",Nehara is elated on Sajith becoming presidential candidate ?,10/4/2019,0
ID0171,C:\Users\A S U S\Downloads\Health Images\Images\171.png,"Since UNP Deputy Leader Sajith Premasada started emerging as a possible presidential candidate over a month ago, questions have been raised over the validity of his educational qualifications. More specifically, several posts were shared on social media, questioning his basic educational qualifications at the local Ordinary Level (O/L) examinations. Even after Sajith Premadasa being declared as the presidential candidate from the UNP-led Democratic National Front (DNF)these claims have continued to be viral. ",Royal College issued an O/L certificate for Sajith Premadasa in 1984 ?,10/1/2019,0
ID0172,C:\Users\A S U S\Downloads\Health Images\Images\172.png,"Sri Lanka is a multi-cultural and multi linguistic country with Sinhalese forming the majority followed by Tamils, Muslims and Christians. The victorious candidate of the Presidential election 2019, President Gotabaya Rajapaksa, led his campaign on national security and unitary nation concepts. The official results indicated that the UDF candidate sweeping the districts of North and Eastern provinces with minority voter base, while Gotabaya Rajapaksa assuring a landslide victory from other parts of the country. ",Fact Check : Statements related to Sri Lankan President’s visit to India,11/30/2019,0
ID0173,C:\Users\A S U S\Downloads\Health Images\Images\173.png,A video was seen circulating heavily in social media that Tamil National Alliance (TNA) leader R.Sambanthan says that President Candidate Sajith Premadasa suggest a bigger solution beyond Eelam. ,Did Sajith suggest a bigger solution beyond the Eelam?,11/16/2019,0
ID0174,C:\Users\A S U S\Downloads\Health Images\Images\174.png,"As the election date draws closer, it’s natural to see number of false claims especially on artists and cricketers and is a famous avenue for misinformation. We had already debunked a claim that stated actress Nehara Peiris offered support for the each of the two main candidates by supporters of both parties. Fact-Check: Nehara Peiris
Similarly a post was being shared with Facebook users which claimed that popular actor Kavinga Perera among other artists had tendered his support to NDF presidential candidate Sajith Premadasa. ",Actor Kavinga Perera to Support Sajith?,11/14/2019,0
ID0175,C:\Users\A S U S\Downloads\Health Images\Images\175.png,Social media streams were abuzz on 3rd November with a statement that claimed Former Governor of Eastern Province Dr. M.L.A.M Hizbullah had stated that his second preference vote should be given to Gotabya Rajapaksa. Number of Facebook users and pages had shared this news since there were already rumors that M.L.A.M Hizbullah is only contesting as a dummy contestant and the real agenda behind his candidacy for the elections is to ensure support for SLPP candidate Gotabaya Rajapaksa. ,Second Preference Vote for Gota ? Sajith ? – Hisbullah,11/13/2019,0
ID0176,C:\Users\A S U S\Downloads\Health Images\Images\176.png,"Soon after the appointment of President Gotabaya Rajapaksa, number of District Governors were appointed and as a result, there were widespread rumours that former Sri Lankan cricketing legend, who supported President in election campaign, would be appointed the Governor of Northern Province. ",Murali appointed as Northern Province Governor ?,1/6/2020,0
ID0177,C:\Users\A S U S\Downloads\Health Images\Images\177.png,"As per the snapshots provided by the World Health Organization, the number of confirmed cases of novel Coronavirus is almost 25,000 with close to 500 deaths due to the deadly Coronavirus (2019-nCov). As recovery levels are now surpassing the number of deaths, China’s president Xi Jinping took to state TV on Wednesday (5th February) to say he is confident of containing this outbreak. This announcement came in the wake of criticism against Xi Jingping for being absent amidst tall claims of him directing the whole response program. ",Did Chinese President visit a Muslim mosque recently? Here’s the truth!,2/6/2020,0
ID0178,C:\Users\A S U S\Downloads\Health Images\Images\178.png,"The Monetary Board, in consultation with the Auditor General and the Attorney General, took measures to commission six forensic audits pursuant to the recommendations of the Presidential Commission of Inquiry, appointed to investigate and inquire into and report on the issuance of Treasury bonds, during the period 1 February 2015 to 31 March 2016. As per the CBSL reports out of total six forensic audits, five forensic audits have been completed so far. The procurement process for the sixth forensic audit is currently underway.
With Speaker Karu Jayasuriya approving the tabling of forensic audit reports on bond transactions of the Central Bank of Sri Lanka (CBSL), there has been widespread interest among public about the revelations and observations in these audits. ",Indian head for CBSL Bond Investigation Sacked…? Here’s the truth!,2/6/2020,0
ID0179,C:\Users\A S U S\Downloads\Health Images\Images\179.png,"With United Stated President Donald Trump at the center of attraction with record number of patients being detected, a video of President Trump getting startled on a podium when a man shouts ‘Coronavirus!!’ was circulating in social media streams. ",Was President Trump scared on podium when a man shouted Coronavirus,3/31/2020,0
ID0180,C:\Users\A S U S\Downloads\Health Images\Images\180.png,"Italy has been the hardest hit by COVID19 as the death toll continue to increase and has now surpassed China with more than 5000 deaths and over 50,000 diagnosed with the disease as per the latest reports by the WHO.
Italian officials have been also at the center of attraction on how they are dealing the pandemic which has devastated the nation. In this backdrop, an image of a sobbing Italian head of state went viral in Sri Lanka and many parts of the world. ","FACT CHECK: No, this is not the image of Hapless Italian President crying while addressing the nation.",3/24/2020,0
ID0181,C:\Users\A S U S\Downloads\Health Images\Images\181.png,"Jonathan George Snow popularly known as Jon Snow is a British journalist and a famous TV anchor for Channel 4 News. He has done stints at various conflict-torn zones around the world. His documentary revisiting the battlefields of Northern Sri Lanka, and alleged war crimes by Sri Lankan military came under much scrutiny among Sri Lankans. Jon Snow had visited Iran for election coverage in February and with number of Iranian officials testing positive for coronavirus there were fears that whoever came in contact with them could have also contracted the virus. ",Jon Snow has not contracted COVID-19 after returning from Iran in February,3/23/2020,0
ID0182,C:\Users\A S U S\Downloads\Health Images\Images\182.png,"Sri Lanka Tourism has designated a responsible officer to handle inquiries regarding foreign tourists affected by the current disaster situation.
A diplomatic briefing was held today at the Prime Minister’s Office under the leadership of Prime Minister Dr. Harini Amarasuriya and the Minister of Foreign Affairs, Foreign Employment and Tourism, Vijitha Herath, with the participation of Colombo-based Heads of Mission, to update them on the government’s ongoing emergency flood relief operations and recovery measures. 
Heads of Sri Lanka’s Diplomatic Missions and Posts overseas also joined the briefing virtually, according to the PM’s Office.
The discussion focused on ensuring the safety of affected communities, as well as the immediate response and medium- to long-term recovery efforts being undertaken by the Government to address the impact of the recent floods.
The diplomatic missions expressed their solidarity and readiness to support Sri Lanka during this challenging period, including through humanitarian assistance and coordination with relevant authorities, the statement said. ",PM Harini briefs diplomatic community on flood relief and recovery efforts,11/28/2025,1
ID0183,C:\Users\A S U S\Downloads\Health Images\Images\183.png,"Education is a process of sharing collective knowledge and has the power to bring people together politically, socially and economically, Prime Minister Dr. Harini Amarasuriya stated.
The Prime Minister made these remarks while addressing a conference held in Colombo, aimed at fostering cooperation among countries in Asia, the Middle East and the Pacific region regarding the role of education within the Green Transition.
The Erasmus+ Programme, funded by the European Union, is one of the world’s leading initiatives for international cooperation in education, training, youth, and sports. Its objectives include enhancing mobility between countries, intercultural exchange, capacity development, and policy advancement.
The programme creates opportunities for collaboration and funding in higher education, vocational training, youth development, and institutional partnerships in Sri Lanka. The conference will be held until November 20 in Colombo. ","Education holds power to unite people politically, socially and economically – PM Harini",11/19/2025,1
ID0184,C:\Users\A S U S\Downloads\Health Images\Images\184.png,"During the ceremony for the Presentation of the President’s Colours to the Sri Lanka Air Force (SLAF) and the Commissioning of Cadet Officers, President Anura Kumara Dissanayake addressed the newly commissioned officers, emphasizing the significance of their responsibilities.
The President stated, 
“Today, you are joining a prestigious, respected, and highly professional organization in Sri Lanka – the Sri Lanka Air Force. Your foremost responsibility is to uphold this proud history and honor, as well as to respect and support your seniors. Any misconduct by a single officer can affect the reputation of the entire Air Force. In addition, you are entrusted with the duty of protecting our country, and we have full confidence in your ability to do so.” ",President says aware that some individuals within political and state machinery involved in drug-related activities,10/18/2025,1
ID0185,C:\Users\A S U S\Downloads\Health Images\Images\185.png,"Prime Minister Dr. Harini Amarasuriya, who is in Beijing for the Global Leaders’ Meeting on Women has held discussions with China’s top political advisor Wang Huning today (13).
During the meeting, Prime Minister Amarasuriya congratulated China on the successful hosting of the Global Leaders’ Meeting on Women.
She said Sri Lanka highly values its relations with China and is willing to work with China to deepen practical cooperation in economy, education, tourism and other fields, and elevate bilateral relations to new heights.
Meanwhile, Wang, the chairman of the National Committee of the Chinese People’s Political Consultative Conference (CPPCC), said China is willing to work with Sri Lanka to implement the important consensus reached by the two countries’ heads of state and deepen high-quality Belt and Road cooperation.
Wang added that the National Committee of the CPPCC is willing to make active contributions to this end. ",PM Harini meets China’s top political advisor in Beijing,10/13/2025,1
ID0186,C:\Users\A S U S\Downloads\Health Images\Images\186.png,"Sri Lanka’s COVID-19 response from the state was an immediate lockdown for nearly two months which is just now beginning to ease in several parts of the country. While some argued that the state imposed curfew was a harsh one, limiting citizen mobility and access to essential services, others appreciated the government’s swift action to curb the crisis.  ",Placard Congratulating President & Prime Minister For Eliminating Coronavirus From Sri Lanka,5/12/2020,0
ID0187,C:\Users\A S U S\Downloads\Health Images\Images\187.png,"While university/higher education is provided free of charge by the government of Sri Lanka, many private universities also offer paid degree programmes in the country. Medical education has been a bone of contention locally, especially a few years ago when a private university, namely SAITM attempted to set up a private medical faculty in Malabe. In 2016 the Sri Lanka Medical Council (SLMC) and the Government Medical Officers’ Association (GMOA) both publicly opposed the provisional registration of medical graduates from SAITM to practice as doctors in Sri Lanka. Additionally, students at state universities protested the opening of the hospital, which eventually resulted in SAITM’s hospital being taken over by the government, the university being abolished and its students integrated into the Kotalawala Defence Academy (KDU) in 2018. In this sense, private medical education is a complex arena to enter into in Sri Lanka. 
With this in mind, a recent news article about the Softlogic Group’s private hospital chain Asiri Health entering the private medical education landscape caught our attention. Published on 4th June 2020 in the Sinhala website Lakdivpuwath, the article goes on to mention discussions being held with the University of Aberdeen (UK) and the Softlogic Group. The Softlogic Group Chairman Ashok Pathirage had made an announcement at the company’s annual review, saying “We are currently in talks with the University of Aberdeen. We are planning to develop a local MBBS degree at an affordable cost to local students“. ",IS ASIRI HOSPITAL TEAMING UP WITH ABERDEEN UNIVERSITY TO PROVIDE AFFORDABLE MEDICAL STUDIES FOR LOCAL STUDENTS?,6/11/2020,0
ID0188,C:\Users\A S U S\Downloads\Health Images\Images\188.png,"A social media post has been circulating widely around the world across social platforms with regards to the current Education Minister of France Najat Vallaud-Belkacem, claiming that she was once a sheep herder in Morocco. The post, first seen on popular social media group The Science Facts appeared with two photographs side by side; one featuring a young girl holding a staff and the second with Belkacem herself. The accompanying text says: DID YOU KNOW? The girl on the left is herding sheep in Morocco. The woman on the right is the same girl 20 years later, as France’s Minister of Education.  ",Was France’s Education Minister Once A Sheep Herder In Morocco?,6/8/2020,0
ID0189,C:\Users\A S U S\Downloads\Health Images\Images\189.png,"News about the suspension of Matale Municipal Councli Mayor, Daljith Nandalal Aluvihare, by Central Province Governor with immediate effect was widely shared on both mainstream and social media.  However, many including popular media houses shared the image of the wrong person while reporting the news. In our fact check, we find out that the image claimed to be of Daljith Aluwihare was actually of Wasanta Aluwihare.",Wasantha Aluwihare’s photo shared as Daljith Aluwihare,8/28/2020,0
ID0190,C:\Users\A S U S\Downloads\Health Images\Images\190.png,"USA President Donald Trump and First Lady Melania Trump had tested positive for COVID19 in early October. However, they returned to the White House after having spent only a handful of days at the military hospital. The images of President Trump staging a dramatic return and appearing without a facemask went also went viral. Thus, there were many posts on social media on Donald Trump.
However, when we fact checked such posts, we found two fake statements attributed to President Trump. One was about Trump taking Russian vaccine and the other was the President boasting his miraculous healing powers. Let’s check out these two fake claims and find out their truth.",FACT CHECK: Viral fake statements about COVID-19 attributed to US President Donald Trump,10/20/2020,0
ID0191,C:\Users\A S U S\Downloads\Health Images\Images\191.png,"Many ministers and high-ranking officials who were in power at the time of the Easter Sunday bombings in 2019 are being questioned as the investigation into the terrorist attack progresses.
MP Eran Wickramaratne was also summoned for interrogation recently over a statement he had made questioning the security of key witnesses. After which social media circles were flooded with claims linking Mr. Wickremaratne and wife of the mastermind behind Easter Sunday attacks, Zaharan Hashim had emerged. 
However, MP Eran Wickramaratne stated that all the allegations made regarding his connection to Zaharan’s wife were baseless and a formal complaint has been lodged with the CID in this regard. CID has not yet commented on these claims. ",Explained: Social Media Campaign About Links Between Eran Wickramaratne and Zaharan Hashim’s Wife.,11/24/2020,0
ID0192,C:\Users\A S U S\Downloads\Health Images\Images\192.png,"President Anura Kumara Dissanayake has issued an extraordinary gazette notification declaring a number of services, including the supply of electricity, as essential services.
The gazette has been issued by the President by virtue of the powers vested in him in terms of Section 2 of the Essential Public Services Act, No. 61 of 1979, due to the severe adverse weather conditions currently prevailing in the country. 
Other services that have been declared as essential services include the supply or distribution of fuel, including petroleum products and gas, services related to hospitals, public transport, water supply and drainage. ","Several services including electricity, fuel supply declared essential services",11/28/2025,1
ID0193,C:\Users\A S U S\Downloads\Health Images\Images\193.png,"A resolution banning cattle slaughter in Sri Lanka was unanimously passed in the parliament few months ago, but a final decision on this is still pending. In this context, images of Sports Minister Namal Rajapaksa, elder son of Prime Minister Mahinda Rajapaksa, opening a meat-processing factory, claimed to be the largest of its kind in South Asia, at the Katunayake Export Processing Zone (EPZ), caught the attention of many netizens.",FACT CHECK: Rise in Sri Lanka’s cattle slaughter with the opening of South Asia’s largest meat processing plant? Here are the facts…,12/19/2020,0
ID0194,C:\Users\A S U S\Downloads\Health Images\Images\194.png,"omen make up more than 50% of Sri Lanka’s population. Several women’s organizations have repeatedly said that women endure various issues due to inadequate hygiene during menstruation. This is due to both financial difficulties and misunderstandings related to menstruation. In fact, this issue became a hot topic during the last presidential election too.
Meanwhile, a number of posts have been circulating on social media and mainstream media during last week of November stating that an additional 15% tax on sanitary napkins was introduced in the 2021 budget proposal. Our investigation revealed that these misleading posts were prompted by the new budget proposal to change the existing 30% import tax to 15% import tax and 15% CESS respectively. ",FACT CHECK: Additional 15% tax introduced on women’s sanitary napkins?,12/10/2020,0
ID0195,C:\Users\A S U S\Downloads\Health Images\Images\195.png,"Former Sri Lanka Prime Minister Ranil Wickremasinghe with over 4 decades of parliamentary experience and expertise is considered to be one of the most proficient Sri Lankan politicians in the field of diplomatic affairs as well. Even though Mr. Wickremasinghe unexpectedly lost his parliamentary seat in the 2020 general elections, some of the party seniors suggest that he should be the most preferred candidate to represent UNP in the parliament.  
On this backdrop, we noticed a series of recurring posts crediting former Prime Minister Ranil Wickremasinghe to various achievements right from his school days till his term as the Prime Minister of the country. However, Fact Crescendo Sri Lanka’s investigations found out that this data is false and baseless. ",Fact Check: Are these actual achievements of the former PM Ranil Wickremasinghe? Find out the Truth…,3/4/2021,0
ID0196,C:\Users\A S U S\Downloads\Health Images\Images\196.png,"Nearly a year after the brutal killing of Gorge Floyd, an image of US President Joe Biden kneeling in front of a boy claimed to be late Floyd’s son is being shared widely on social media in Sri Lanka. The posts also mentioned about US government awarding Floyd’s family USD 27 million for his untimely death.
However, our Fact Crescendo team’s investigation revealed that while the city of Minneapolis had agreed to pay $27 million to settle a wrongful death lawsuit brought by Floyd’s family, the image is unrelated and the image was taken back in September 2020. The image was shows then presidential candidate Joe Biden talking to an apparel shop owner’s son in Detroit, Michigan after an election campaign. ",Did US President Joe Biden kneel before George Floyd’s son? Find out the Truth!,4/19/2021,0
ID0197,C:\Users\A S U S\Downloads\Health Images\Images\197.png,"A video is going viral on social media claiming that the U.S. government has sacked Dr. Fauci. The post further goes on to claim that the U.S government has finally admitted that the COVID-19 virus is man-made. Dr. Fauci is the Director of the National Institute of Allergy and Infectious Diseases (NIAID) and the Chief Medical Advisor to the U.S. He is an American physician-scientist and immunologist who serves as the director of the U.S. National Institute of Allergy and Infectious Diseases (NIAID) and the chief medical advisor to the president.
During the COVID-19 pandemic, Dr. Fauci was one of the lead members of President Donald Trump’s White House Coronavirus Task Force.",Dr. Fauci has NOT been sacked by the US Government nor have they admitted that COVID-19 is a man-made virus,6/23/2021,0
ID0198,C:\Users\A S U S\Downloads\Health Images\Images\198.png,"Sri Lanka is prepared to work with the Commonwealth Parliamentary Association (CPA) to ensure that women across Commonwealth countries can participate in politics in a safe environment, free from coercion and violence, says Minister of Women and Child Affairs Saroja Savithri Paulraj.
The Minister made this statement while addressing the Commonwealth Women Parliamentarians Conference (CWP) held under the theme: “Debate Not Hate: Not Accepting Abuse as an Outcome of Free Speech.”
The event was a sub-conference of the 68th Commonwealth Parliamentary Conference (CPC), held in Bridgetown, Barbados, and included several workshops as part of the 9th Commonwealth Women Parliamentarians Conference.
Minister Paulraj participated as a panel member in the workshop titled: “DebateNotHate: Not Accepting Abuse as an Outcome of Free Speech.”",Sri Lanka determined to ensure safe and inclusive political participation for women – Minister,10/12/2025,1
ID0199,C:\Users\A S U S\Downloads\Health Images\Images\199.png,"Due to the recent shortage of imported milk powder in the local market, long queues of people to buy milk powder were observed in Sri Lanka. However, government decided to remove the price control for milk powder packs in order to make the products sufficiently available in the market. 
Just after the lifting of controlled prices, a number of social media posts went viral, alongside a photo of the upper part (the part which is shown displays the manufactured date and the price) of a milk powder pack. It was widely claimed that even before the government decided to deregulate prices of milk powder, dairy companies had increased the prices of milk powder. Let’s find out the truth about this claim. ",FACT CHECK: Were prices of Milk Powder Increased before Government Decision To Raise Prices? Find out the Truth…,10/12/2021,0
ID0200,C:\Users\A S U S\Downloads\Health Images\Images\200.png,"There are many occasions where readers get misled due to misleading newspaper headlines and reports. This is our investigation related to such a misleading story published by the Daily Mirror about Opposition Leader , Sajith Premadasa.",Sajith Says Sri Lanka needs an elected dictatorship?? Find out the truth…,1/25/2022,0
ID0201,C:\Users\A S U S\Downloads\Health Images\Images\201.png,Rajapaksa brothers who hold the top most positions of the country as the President and Prime Minister often become the subject of social media campaigns. This is our investigation regarding such an altered image targeting Gotabaya Rajapaksa and his Mahinda Rajapaksa. ,A 40 day mandatory fasting to all Sri Lankans in 2022?,1/11/2022,0
ID0202,C:\Users\A S U S\Downloads\Health Images\Images\202.png,"There are many Sri Lankans studying, working and some even settled in foreign countries like Canada, USA, Australia and European countries. There is a tendency among Sri Lankan youth also to migrate to these countries. Within this background, there is a lot of misinformation circulating on social media related to foreign job opportunities. This is our investigation regarding such misinformation campaigns about Canadian jobs. ","Is the Canadian government giving 450,000 job opportunities for foreigners in 2022?",2/12/2022,0
ID0203,C:\Users\A S U S\Downloads\Health Images\Images\203.png,"Today (March 24) marks one month since Russia started its invasion into Ukraine and misleading photo and video claims continue to get shared virally on social media streams across the world. A picture, for example, showing Ukrainian President Volodymyr Zelenskyy expressing “V sign” gesture over Russian President Vladimir Putin during a photo session with French President Emmanuel Macron has been claimed as the reason behind the Russian invasion of its neighboring nation. However, our investigation found that the image was a digitally altered meme.",Prez. Zelensky expressing the “V sign” gesture over Prez. Putin is an Altered Image,3/24/2022,0
ID0204,C:\Users\A S U S\Downloads\Health Images\Images\204.png,"Few days ago, Indian newspaper “The Hindu” reported about a possible LTTE attack on Sri Lanka. This news went viral in Sri Lanka with mixed reactions. In this context, a purported screenshot of NDTV online edition has been viral in social media, saying “The Hindu” reporter was given money to publish this news item, by the former Prime Minister of Sri Lanka Mahinda Rajapaksa. However, we were able to find out that NDTV had not published such a news item.",NDTV did NOT reveal that Ex-PM gave money to “The Hindu” reporter to publish about a possible LTTE attack on SL!,5/16/2022,0
ID0205,C:\Users\A S U S\Downloads\Health Images\Images\205.png,"This is our investigation into the truth of a photo, which went viral on social media streams in Sri Lanka, claiming to be scenes of former Prime Minister Mahinda Rajapaksa and his family members fleeing from a Sri Lankan Air Force helicopter ",Scenes of Mahinda Rajapaksa Leaving Via Airforce Helicopter(PHOTO) ?? Find Out the Truth…,5/12/2022,0
ID0206,C:\Users\A S U S\Downloads\Health Images\Images\206.png,"Due to the current political and economic crisis of the country, people have been protesting against the Rajapaksa family, with the main protest ground at Galle Face extending to over a month now. Due to the pressure of people`s protests, and subsequent events which took place on May 9th, Mahinda Rajapaksa submitted his resignation from the prime minister position.
With his resignation, a lot of rumors have been spreading about his whereabouts. Among them, were claims which stated that, Mahinda Rajapaksa and his family members left for India, via a helicopter, sponsored by the government of India. ",Resigned Sri Lankan Prime Minister Mahinda Rajapaksa fled to India?,5/12/2022,0
ID0207,C:\Users\A S U S\Downloads\Health Images\Images\207.png,"Sri Lanka is currently undergoing a severe political and economic crisis. With the resignation of PM Mahinda Rajapaksa and cabinet of ministers, political instability has worsened, and there are discussions on formation of a caretaker government/interim government.
In this regard many are giving their own views and interpretations on formation of an interim government. We notice a viral claim, which stated that the SJB and JVP have agreed to build a new political coalition for an interim government under the premiership of former speaker Karu Jayasuriya.",SJB and JVP to make an interim government under the Premiership of Karu Jayasuriya?,5/12/2022,0
ID0208,C:\Users\A S U S\Downloads\Health Images\Images\208.png,"Sri Lanka is in a precarious situation, entangled with a severe political and economic crisis. Country has become a default state and the government is trying hard to restructure foreign loans and carry out necessary reforms to rescue the country from the current economic crisis. The Sri Lankan government decided to seek the support from the International Monetary Fund (IMF) in this regard and a staff level delegation from IMF recently arrived in Sri Lanka to hold discussions.",This is NOT a scene of SL ministers and officials holding discussions with IMF delegation!,6/23/2022,0
ID0209,C:\Users\A S U S\Downloads\Health Images\Images\209.png,"Litro Gas Lanka caters to the bulk of Sri Lanka’s domestic LPG gas requirements. The diminishing foreign reserves in Sri Lanka meant that importing LPG gas to the country had become a challenging task, over the past few months. However, Litro started distribution of 12.5kg cylinders since 11th July once again and Litro Chairman Mr. Muditha Peiris says that the problem regarding domestic gas supply can be solved by the end of July.",Clarification on misleading claims on pricing of Litro Gas 12.5kg cylinder!,7/23/2022,0
ID0210,C:\Users\A S U S\Downloads\Health Images\Images\210.png,"Gotabaya Rajapaksa, who had left the country amidst ongoing political and economic chaos, has now officially resigned as the president of Sri Lanka. He first travelled to Maldives in the early hours of 13th July and then boarded a flight to Singapore, which incidentally was reported as the most tracked flight on 14th July.
As many were curious about Gotabaya Rajapaksa’s whereabouts, we noticed an image of him, seated inside a flight to be viral among social media users, claiming to be recent scenes.",Image of Gotabaya Rajapaksa inside the flight – Maldives to Singapore? Find out the Truth…,7/15/2022,0
ID0211,C:\Users\A S U S\Downloads\Health Images\Images\211.png,"President Gotabhaya Rajapaksa left the country on early hours of 13th July. Many were anticipating the news of his official resignation letter of vacating the office. As a result, a letter claiming to be President Gotabaya Rajapaksa’s official resignation letter was widely shared, which however didn’t even carry his signature! 
On t14th July evening, the same letter got viral again, this time with a signature.",Fake Letter Viral as Gotabaya Rajapaksa’s Resignation Letter !,7/15/2022,0
ID0212,C:\Users\A S U S\Downloads\Health Images\Images\212.png,"A statement attributed to Father Amila Jeevantha Peiris, who actively contributed to the Gotagogama (GGG) Protest, was viral among Facebook users. It was claimed that Fr. Jeewantha said that even though a black ‘Vesak’ was celebrated during the GGG protests in May 2022, such was not required for this Christmas.",Father Jeevantha Peiris did NOT make a statement on any Black Vesak celebration during the ‘Aragalaya’!,12/28/2022,0
ID0213,C:\Users\A S U S\Downloads\Health Images\Images\213.png,"We often encounter instances where the public needs clarification on misleading news reporting, sometimes even by mainstream media outlets. Here is an investigation done by Fact Crescendo to find out the accuracy of such a news report, which had not only misled but also had undue fear to people who were already suffering due to the current economic crisis in the country.",Misleading reporting confused many Sri Lankans into believing Government had imposed a new Embarkation Levy! Find out the facts…,1/20/2023,0
ID0214,C:\Users\A S U S\Downloads\Health Images\Images\214.png,The Daily Mirror newspaper reported a few days ago that New Zealand updated its travel advisory status against visiting Sri Lanka and requested that New Zealand nationals exercise “increased caution” in the island nation of Sri Lanka if they wish to travel to Sri Lanka. ,Has New Zealand Imposed Travel Advisory Against Visiting Sri Lanka? Find out the Facts…,2/15/2023,0
ID0215,C:\Users\A S U S\Downloads\Health Images\Images\215.png,A video went viral on social media claiming to be the vehicle convoy of President Ranil participating in a pre-Independence Day celebration in Kandy. ,"Know the Truth Behind the Video, Shared as President Ranil’s Vehicle Convoy in Kandy?",2/7/2023,0
ID0216,C:\Users\A S U S\Downloads\Health Images\Images\216.png,"As we know, Sri Lanka is facing a deep economic crisis and is literally bankrupt as the country cannot settle local and international loans. Within this background, the government of Sri Lanka is trying to secure an IMF bailout. However, to get the IMF bailout, Sri Lanka needs favorable responses from lender countries who have provided major loans to Sri Lanka. 
China is one such major lender nation to Sri Lanka, and the assurance /promise from China is more helpful to Sri Lanka in convincing IMF that the background for debt restructuring is on the correct path.  ",Forged Letter Goes Viral Claiming That China is Not Ready To Amortize SL’s Outstanding Debt!,2/4/2023,0
ID0217,C:\Users\A S U S\Downloads\Health Images\Images\217.png,Posts are widely circulated on social media stating that a public meeting would be held against the current coalition government under the leadership of former President Mahinda Rajapaksa. ,Is Mahinda Rajapaksa planning to stage a public rally against the current regime?,3/31/2023,0
ID0218,C:\Users\A S U S\Downloads\Health Images\Images\218.png,"Last week, the world’s attention was focused on the highly anticipated visit of Xi Jinping, the President of China, to Russia. The visit was seen as an opportunity for friendly cooperation between China and Russia. News about the world’s potential political direction from this event was widespread (Read about this global-impact meeting here). Amidst this news, A photo of Putin kneeling to Xi circulated across social media platforms. ",Fake Photo: Putin Did NOT Kneel Before Xi Jinping,3/30/2023,0
ID0219,C:\Users\A S U S\Downloads\Health Images\Images\219.png,"The escalating tensions between Russia and Ukraine due to the ongoing conflict have raised global concerns. Apart from military attacks, there have been allegations of both sides spreading misinformation to discredit the other. Consequently, this has caused widespread speculation and the spread of false information online.
Recently, pictures of Russian President Vladimir Putin wearing Buddhist monk costumes have been circulating online. These pictures have sparked curiosity and raised questions about their authenticity and origin.","Viral Pictures of Putin in Buddhist Monk Costumes are AI-Generated, Not Real !",3/19/2023,0
ID0220,C:\Users\A S U S\Downloads\Health Images\Images\220.png,"Claims are viral on social media, implying that the Central Bank of Sri Lanka released Rs.1000 coins for public circulation. In a sarcastic manner, these posts suggest that the value of the rupee has depreciated so much, and that’s why the coins of such high value are being released to the market. 
However, the Factcrescendo investigation found that the SL Central Bank had indeed recently released an Rs. 1000/- coin, yet you cannot use this for daily transactions! ",Did the Central Bank of SL release A Rs.1000 coin for public circulation?,3/23/2023,0
ID0221,C:\Users\A S U S\Downloads\Health Images\Images\221.png,"The former president of Sri Lanka, Gotabaya Rajapaksa, continuing on the pre-election mandate, implemented several steps to move towards organic fertilizer. However, this move was not properly phased out and heavily backfired and was one of the reasons for the start of the protests against the Rajapaksa regime. 
Under the fertilizer policy, the Rajapaksa government decided to import a massive quantity of organic fertilizer and finally settled the deal with a Chinese firm called Qingdao Seawin Biotech. However, the transaction did not conclude as preliminary tests on samples in Sri Lanka confirmed that the Qingdao fertilizer contained certain harmful micro-organisms that can cause crop failure. Ultimately, this fertilizer ship had to be turned back, causing a massive loss to Sri Lanka, and later escalated even towards diplomatic tension between SL & China.
In the last few days, many FB posts were circulated on social media, which claimed that the CEO of the local agent of Qingdao Seawin Biotech, the infamous Chinese Organic fertilizer company, was, in fact, a candidate contesting for the upcoming local government election under the National People’s Power (NPP) party.",Explainer on viral claims involving NPP candidate Bimal Jayasundara and Chinese Organic Fertilizer deal!,3/10/2023,0
ID0222,C:\Users\A S U S\Downloads\Health Images\Images\222.png,"On many occasions, photos of individuals with similar appearances are used to mislead social media users and portray misleading interpretations. Recently we came across a similar instance when an unrelated photograph was attributed to actress Damitha Abeyratne. ",This is NOT Damitha Abeyaratne Extending Avurudu Wishes to Mahinda Rajapaksa!,4/22/2023,0
ID0223,C:\Users\A S U S\Downloads\Health Images\Images\223.png,"In the last few days, various rumors have been spread in the political arena about a possible alliance of some SJB MPs with President Ranil Wickremesinghe. But so far, none of the SJB MPs have officially announced joining with the President, and the general public is keeping an eye on the political decisions of SJB and the reactions of the opposition leader Sajith Premadasa. Therefore, here is our investigation of SJB-related rumors.",Sajith Did NOT Make a Recent Statement to Form an Alliance with President Ranil & the UNP!,4/17/2023,0
ID0224,C:\Users\A S U S\Downloads\Health Images\Images\224.png,"In the Asian region, politicians are usually highly criticized and mocked by the public. Several politicians are also considered corrupt and involved in various malicious activities. As a result, many misleading social media content insulting politicians gets viral. This is one of our investigations about viral posts stating a video depicts the  Indian Housing minister falling into a septic tank. ",This is NOT an instance of an Indian housing minister falling into a septic tank!,5/15/2023,0
ID0225,C:\Users\A S U S\Downloads\Health Images\Images\225.png,"The coronation ceremony of King Charles III is a significant event in British history, signifying the transition of power to a new monarch. The coronation is one of the symbols of the British monarchy, consisting of various customs and parades that both royalists and the general public anticipate. Therefore, this event is considered an indication of a new era in British history. Furthermore, the ceremony is meaningful because it marks the end of King Charles III’s lifetime preparation and training after holding the position of heir apparent to the throne for many years.
Amidst the news of the grand royal ceremony, where many famous guests were present, we discovered another incident that caught the public’s attention: the mysterious figure that appeared during the live broadcast of the ceremony at Westminster Abbey. Social media users have speculated that the shadowy figure in a black cloak resembles the “Grim Reaper.”",King Charles III’s Coronation: The Viral Grim Reaper Explained,5/9/2023,0
ID0226,C:\Users\A S U S\Downloads\Health Images\Images\226.png,"India is one of the world’s largest countries in terms of population and land mass. The Indian economy is also making significant strides amidst social and economic issues, with many investors showing interest in making India a manufacturing hub.  
Within that background, we came across viral social media posts that exaggerated India’s financial and economic development and claimed that the Indian Rupee had become the World`s fourth most recognized currency. But first, let’s take a look at how the claim was shared among social media users. ",Has the Indian Rupee Become the World`s Fourth Most Recognized Currency? Find Out the Facts…,5/5/2023,0
ID0227,C:\Users\A S U S\Downloads\Health Images\Images\227.png,"Holding one of the viral ministries, Minister of Foreign Affairs Ali Sabry has been actively involved in a number of multilateral and bilateral discussions with several world leaders and foreign diplomats over the past few months. However, a recent viral Tweet had questioned the amount of money the minister had spent during his recent foreign visits. ",Did Foreign Minister Individually Spend Over 50 Million On Recent Foreign Visits? Find out the facts…,6/21/2023,0
ID0228,C:\Users\A S U S\Downloads\Health Images\Images\228.png,"Sri Lankan Airlines is the national airline of Sri Lanka, operating flights to various destinations around the world, mainly from Bandaranaike International Airport (BIA), Katunayake. However, Sri Lanka Airlines has been experiencing a troublesome period recently, with many debt burdens and technical issues leading to flight delays. As a result, frequent criticisms from passengers have damaged the reputation of the national carrier of Sri Lanka. Some complaints seem fair and just, but some criticisms are unfair and unrelated to the airline’s current situation. This is our investigation of one such misleading criticism. ","Sri Lankan Airlines Flight Delay Alert in 2018, Viral as Recent!",6/2/2023,0
ID0229,C:\Users\A S U S\Downloads\Health Images\Images\229.png,"The death of former US president Barak Obama’s family chef, Tafari Campbell, 45, has been creating stories in social media and mainstream media for around a week. According to many media reports, the cause of the death was mentioned as drowning while the chef was paddleboarding in the upscale Massachusetts town of Martha’s Vineyard. Within these circumstances, there are conspiracy theories that try to convince the death was suspicious, and even it can be a murder involving Barak Obama himself. ",Misleading Claims Linking Obama`s Usual Physical Characteristics to the Death of their family Chef,7/31/2023,0
ID0230,C:\Users\A S U S\Downloads\Health Images\Images\230.png,"US Ambassador to Sri Lanka, Julie Chung, is an active figure on Twitter and has regularly expressed views of the US government on crucial social and political matters related to Sri Lanka.
However, recently, she has often become a victim of false propaganda. We recently came across a Tweet stating that Julie Chung has been recalled back to the US and will leave Sri Lanka in December",US Ambassador Julie Chung Has Not Been Recalled to Washington – US Embassy in Colombo,7/29/2023,0
ID0231,C:\Users\A S U S\Downloads\Health Images\Images\231.png,"Since Elon Musk has taken on the reigns of Twitter, many policies and values of Twitter have been under dramatic transformation. A significant change has occurred in the account verification process as the company started charging a subscription fee for the different types of newly introduced badges. 
There have been mixed reactions to this move by Twitter from many quarters, with many opting not to move ahead with the subscription model and questions over the credibility of some of the paid accounts have also risen. 
Meanwhile, social media posts claim that the Sri Lankan Foreign Ministry is paying 1000 USD per month to Twitter to keep Minister`s Twitter account`s grey tick alive. ",Foreign Ministry Does NOT Pay 1000 USD Monthly to Keep Minister Sabry`s Grey Tick on Twitter!,7/13/2023,0
ID0232,C:\Users\A S U S\Downloads\Health Images\Images\232.png,"To secure the country’s fuel supply issues, the government of Sri Lanka expanded the opportunity for foreign companies to bid to enter the local market. As a result, three companies were selected. Among them, Sinopec, a leading international petroleum company headquartered in China, became the first to sign an agreement with the Sri Lankan government and is set to commence fuel sales operations next month after BOI also signed an agreement with Sinopec to operate and set up fuel stations for distribution in Sri Lanka.
With new players entering the fuel sales operations, which were monopolized by Petroleum Corporation (CPC) and Lanka Indian Oil Company (LIOC), speculation has arisen, supported even by reports from mainstream newspapers, suggesting that Sinopec may have approached CEYPETCO with a request to sell oil at lower prices. However, CEYPETCO has still been silent over their request. ","Sinopec Can Sell Fuel Oil below the MRP value set by the Ministry, No Obstacle from the Government!",8/17/2023,0
ID0233,C:\Users\A S U S\Downloads\Health Images\Images\233.png,"Sri Lankan President Ranil Wickremesinghe is attending the 78th United Nations General Assembly in New York. A few days ago, he addressed the General Assembly and highlighted some critical topics related to Sri Lanka and internationally, such as global climate change. 
Soon after the president’s speech, a photo post of purportedly President Wickremasinghe addressing the UN General Assembly has gone viral among social media users in Sri Lanka"," This Image Depicts the German Chancellor Addressing the UN General Assembly, NOT Ranil Wickremesinghe!",9/23/2023,0
ID0234,C:\Users\A S U S\Downloads\Health Images\Images\234.png,"US Ambassador to Sri Lanka, Julie Chung, is an active figure and has regularly expressed views of the US government on crucial social and political matters related to Sri Lanka. As a result, she has often become a victim of false propaganda as well.
We recently came across social media posts stating that Ms. Julie Chung is fully sponsoring the US tour of one of Sri Lanka`s leftist political leaders, Anura Kumara Dissanayake (AKD), including food and lodging. ",Fabricated Newspaper Clipping Claims That US Ambassador Sponsors AKD`s US Tour!,10/27/2023,0
ID0235,C:\Users\A S U S\Downloads\Health Images\Images\235.png,"Last month, a 98-year-old Ukrainian man named Yaroslav Hunka was given a standing ovation in the Canadian Parliament after being introduced as a war hero. This caused global condemnation, as Hunka is a veteran of the 14th Waffen Grenadier Division of the SS, a Nazi unit. Canadian Prime Minister Justin Trudeau was forced to apologize on behalf of the parliament.
Meanwhile, social media posts have been circulating claiming that Russian President Vladimir Putin called Trudeau an idiot. ",Putin did not say the Canadian PM is an idiot!,10/7/2023,0
ID0236,C:\Users\A S U S\Downloads\Health Images\Images\236.png,"During the recent Budget debate, Sri Lankan President Ranil Wickremesinghe announced that Presidential and Parliamentary elections would take place in 2024. Following this announcement, numerous social media posts discussing the possible presidential candidates and expected outcomes have emerged. ",The Centre For Policy Alternative Has NOT Published Any Survey Results on the Outcome of the 2024 Presidential Election!,11/29/2023,0
ID0237,C:\Users\A S U S\Downloads\Health Images\Images\237.png,"The CWC 2023 final was played between India and Australia in Narendra Modi Stadium in Ahmedabad on 19 November. Australia won the World Cup trophy for a record sixth time by defeating India. A video of the post-match ceremony is going viral on social media. In this video, Australia’s captain, Pat Cummins, can be seen holding the trophy. PM Modi can be seen looking at Pat Cummins and walking away from the stage. 
Social media users claim that PM Modi left the stage without congratulating and clicking photos with the winning captain, Pat Cummins. ",Did PM Modi Leave the World Cup Trophy Awarding Ceremony Without Congratulating the Australian team captain? Know the truth.,11/21/2023,0
ID0238,C:\Users\A S U S\Downloads\Health Images\Images\238.png,"Even though keen observers may quickly identify manipulated images, average social media users often get deceived by misleading image edits.  This investigation focuses on misleading posts circulating on social media related to a currency note image. ","Fact Check: Doctored Image Goes Viral as A New 10,000 Rupee Note in Sri Lanka!",11/17/2023,0
ID0239,C:\Users\A S U S\Downloads\Health Images\Images\239.png,"The recent unrest in Israel and Palestine has been ongoing for over a month. As the situation continues to escalate, there have been reports of alleged assassination attempts on the President of Palestine in the past week. ",Unrelated Footage Viral as Assassination Attempt of the Palestinian President!,11/15/2023,0
ID0240,C:\Users\A S U S\Downloads\Health Images\Images\240.png,"Sri Lanka is a multi-ethnic and multi-religious nation where several ethnoreligious groups have been co-existing for centuries. However, this co-existence has been threatened at times, none more prominent than the 30-year ethnic conflict between the Sinhalese and Tamil ethnic groups, which significantly halted the progress of the country. 
Amidst efforts to rebuild and reconcile, misleading social media posts still get shared, mainly targeting sensitive issues such as the national language policy. Our investigation focuses on unravelling the origins behind these misconceptions, aiming to foster a more informed public discourse. ",Was Tamil recently introduced as the language of courts and administration in North & East? Find out the truth…,12/28/2023,0
ID0241,C:\Users\A S U S\Downloads\Health Images\Images\241.png,"President Ranil Wickremesinghe’s announcement of the 2024 presidential election has sparked a flurry of social media posts speculating about potential candidates. Our investigation reveals a notable prevalence of misleading information in these posts. Emphasising the need for caution and reliance on credible sources, our efforts aim to debunk false rumours. ","SLPP Has NOT selected Dhammika Perera as their presidential candidate so far, but Dhammika is on the list of potential candidates!",12/20/2023,0
ID0242,C:\Users\A S U S\Downloads\Health Images\Images\242.png,"As with many parts of the world, 2024 will also see Sri Lanka going into major elections. Social media has already become a hub of discussions, with numerous posts addressing the political landscape and various predictions.
However, a concerning trend has emerged – the circulation of fake infographics claiming to represent survey results, falsely attributing them to well-known research institutes like Verité  Research. ","A Purported Election Result Prediction, Falsely Attributed to Verité Research!",12/18/2023,0
ID0243,C:\Users\A S U S\Downloads\Health Images\Images\243.png,"In Sri Lanka, some individuals showcase remarkable creativity by developing innovative products. Unfortunately, there is a recurring tendency for these innovators to face mockery within social media platforms rather than receive the encouragement they deserve. 
Our investigation sheds light on one such incident, aiming to understand and address these talented individuals’ challenges as they strive to contribute their inventive ideas to society. ","Innovative c Products by Suchindra Dilumge, Not Linked to Akuressa Co-op or NPP",12/13/2023,0
ID0244,C:\Users\A S U S\Downloads\Health Images\Images\244.png,"There have been a few instances where beverage brands have introduced products resembling the name and taste of Coca-Cola. Recently, rumours have suggested that the Mawathgama Cooperative, led by the National People’s Power (NPP), has developed and successfully introduced a low-budget cola, which has gained popularity in the local market. ",Altered image goes viral as”Samoopa Cola” Created by NPP-led Mawathagama Co-op!,12/12/2023,0
ID0245,C:\Users\A S U S\Downloads\Health Images\Images\245.png,"Sri Lanka has been navigating a challenging economic recovery following its worst post-independence crisis in recent years. In the aftermath of the Rajapaksa regime and the subsequent leadership of President Wickremesinghe, the government made some changes in the country’s tax procedure. 
However, many have not welcomed these decisions, which has led to an increased cost of living. The dissatisfaction is aggravated by the circulation of misinformation regarding prevailing taxes. ",Fact Check: Misleading Claims About a New Commodity Levy Imposed on Various Food Items in Sri Lanka,12/5/2023,0
ID0246,C:\Users\A S U S\Downloads\Health Images\Images\246.png,"As the prospects of elections are gradually looming in Sri Lanka, discussions about possible alliances have also slowly started taking shape. Possible personnel changes from the ruling party and the main opposition party have been key discussion points in this regard.",No Decision from Sarath Fonseka to Join with NPP!,1/29/2024,0
ID0247,C:\Users\A S U S\Downloads\Health Images\Images\247.png,"As the much-anticipated presidential election is expected towards the end of the year, there has been a recent surge of misinformation campaigns, specifically targeting the opposition leader Sajith Premadasa. ","Fake Statements Go Viral, Ridiculing Opposition Leader Sajith!",1/29/2024,0
ID0248,C:\Users\A S U S\Downloads\Health Images\Images\248.png,"Social media was abuzz with the news of the fatal accident on the Colombo – Katunayake expressway, which accounted for the death of State Minister Sanath Nishantha in the early hours of January 25th. Soon after, an image claiming to be scenes of people celebrating the Minister’s death went viral. ",Unveiling the Reality Behind the Alleged Celebration in Borella Following Death Of Sanath Nishantha!,1/27/2024,0
ID0249,C:\Users\A S U S\Downloads\Health Images\Images\249.png,"As per the constitution of Sri Lanka, the presidential election is scheduled before the end of 2024. Against this backdrop, a surge of misleading information had emerged from both social media and mainstream outlets. Our investigation aims to shed light on viral claims regarding purported survey results related to presidential election candidate preferences. ",Lack of clarity on Purported Survey Findings of Presidential Candidate Preferences!,1/23/2024,0
ID0250,C:\Users\A S U S\Downloads\Health Images\Images\250.png,"Leader of the Samagi Jana Balawegaya (SJB) and Leader of the Opposition, Sajith Premadasa, announced that the SJB has decided to politically collaborate with the United National Party (UNP) under a joint program, based on the leadership and guidance of the SJB.
He stated that this unanimous decision was reached during the Working Committee meeting held yesterday (09) and at two Management Committee meetings held prior to it.
Expressing further views, Premadasa said that the two parties will continue to work together on practical and people-centered policy agreements aimed at addressing the challenges and issues faced by the country and its citizens, while maintaining the individual identities of both parties. ",SJB and UNP to collaborate under a joint political program – Sajith,10/10/2025,1
ID0251,C:\Users\A S U S\Downloads\Health Images\Images\251.png,"Sri Lanka imposed a vehicle importation ban a few years ago amid a severe economic crisis and declining dollar reserves. While the economy is on the path to recovery with the removal of import restrictions on some of the items, the ban on vehicle imports persists.
However, recent rumours suggest that the government is considering a partial relaxation of this ban, possibly reflecting a strategic effort to balance economic stimulation. ",Sri Lanka Government Has NOT Decided Yet To Allow Motor Vehicle Importation,1/9/2024,0
ID0252,C:\Users\A S U S\Downloads\Health Images\Images\252.png,"The Sri Lankan government’s recent introduction of the Tax Identification Number (TIN) to enhance tax collection procedures amid the country’s economic crisis has not been welcomed by many groups. Critics argue that the imposition of TIN adds to the financial burden on the struggling population. Moreover, there has been a surge in misleading posts circulating online, targeting the TIN and disseminating misinformation about its implementation procedures. This misinformation has fueled skepticism and opposition. ",No Evidence of An Organized Criminal Group Posing as Government Officials for TIN Registration!,1/7/2024,0
ID0253,C:\Users\A S U S\Downloads\Health Images\Images\253.png,"Sri Lanka is currently grappling with a severe economic crisis, prompting the government to implement measures like tax increases to boost state revenue. As a consequence, the domestic gas price has also surged, driven in part by a recent Value Added Tax (VAT) increment and some other factors. 
This has triggered a surge in social media posts, some of which contain misleading information. It is crucial to ensure that the public is well-informed to facilitate constructive discussions amid these challenging economic conditions",Misleading Allegations About Gas Price Fluctuations Before & After Aragalaya!,1/4/2024,0
ID0254,C:\Users\A S U S\Downloads\Health Images\Images\254.png,"Sri Lanka is currently grappling with ways to overcome its worst economic crisis since gaining independence in 1948.  This has prompted the government to increase state revenue through various measures, one such being raising the Value Added Tax (VAT) to 18% from the existing 15%. 
However, misleading social media posts have emerged, particularly regarding the impact of this tax hike on the digital and telecommunication industry. Our investigation aims to clarify the situation by separating fact from fiction and providing an accurate assessment of the actual implications of the VAT increase for these sectors.",Unsubstantiated False Claims of  High Increments in Telecommunication Charges in Sri Lanka Due to VAT,1/3/2024,0
ID0255,C:\Users\A S U S\Downloads\Health Images\Images\255.png,"Sri Lanka’s tourism industry has experienced a significant surge over the last few months, attracting numerous renowned figures for vacation retreats. Despite this positive trend, there have been misleading social media assertions falsely suggesting that former US President Barack Obama is presently vacationing in Sri Lanka. Below is our investigation of it. ",Obama Drinking A Coconut From a Streetside Shop in SL is an Old & Altered Image!,1/1/2024,0
ID0256,C:\Users\A S U S\Downloads\Health Images\Images\256.png,"The deadly Easter Sunday attacks in 2019 stand as one of the most gruesome tragedies in Sri Lankan history. Nearing five years since the horrid attack, the investigation has failed to provide solid answers to many questions. However, misleading posts and images continue to be circulated, falsely attributing unrelated individuals to the Easter attacks and linking them to various political narratives. Let’s look at one such claim that has been doing rounds since 2019. ","NPP Leader Posing with A Terrorist Linked to Easter Attacks? Find Out the Truth Behind This Image, Going Viral Since 2019!",2/22/2024,0
ID0257,C:\Users\A S U S\Downloads\Health Images\Images\257.png,"The Samagi Jana Balawegaya (SJB), the main opposition party in Sri Lanka, and its members are often subjected to disinformation campaigns. Recently, two female MPs from the SJB have become victims of such trends, wherein false or misleading information is deliberately spread to damage their reputation or undermine their credibility. These disinformation efforts pose a threat not only to the affected MPs but also to the democratic process by manipulating public opinion and sowing distrust. ",Thalatha & Rohini Have NOT Been Banned From Attending SJB Media Briefings/Activities!,2/15/2024,0
ID0258,C:\Users\A S U S\Downloads\Health Images\Images\258.png,"The Online Safety Bill became one of the most contentious bills in Sri Lanka. Despite strong objections by the opposition, the government secured parliamentary approval, and the bill was passed into law with the speaker’s signature. ",Minister Alles did NOT make a statement about the first arrest under the online safety bill!,2/14/2024,0
ID0259,C:\Users\A S U S\Downloads\Health Images\Images\259.png,"Recently, an annual general meeting and election were held at a hotel in Galle to select a director for the Galle District Chamber of Commerce and Industries. However, misleading social media posts regarding the elected directors followed soon after. Our investigation aims to clarify any misconceptions surrounding this election. ",No NPP Affiliation to the Newly Elected  Director Board of Galle District`s Chamber of Commerce and Industries!,2/8/2024,0
ID0260,C:\Users\A S U S\Downloads\Health Images\Images\260.png,"The Israel-Palestine conflict has entered a phase of heightened intensity, marked by escalating tensions and violence. Concurrently, relations between Israel and Russia are deteriorating, evident in Russia’s public condemnation of Israel’s recent attacks on the Gaza Strip. This downturn in relations underscores a significant shift in geopolitical dynamics, with Russia taking a more critical stance toward Israel’s actions in the region. ",Old footage Viral As Putin neglecting Netanyahu in a recent summit,2/6/2024,0
ID0261,C:\Users\A S U S\Downloads\Health Images\Images\261.png,"With the prospect of upcoming elections, the widespread dissemination of false information is evident across social media platforms and within political circles and campaigns. Below is an investigation we conducted on a viral post about General Daya Rathnayake. ",General Daya Ratnayake remains with SJB; Has NOT switched to the Mawbima Janata Party!,2/2/2024,0
ID0262,C:\Users\A S U S\Downloads\Health Images\Images\262.png,"Corruption is a pervasive issue commonly seen across South Asia. While it contributes to inefficiencies in various projects, it’s crucial to recognise that not all shortcomings are solely due to corrupt practices. Many socio-economic, technical, and political factors also play significant roles.  ",Unsubstantiated Attributions of Maternity Hospital Related Corruption Allegations on President Wickremesinghe,3/30/2024,0
ID0263,C:\Users\A S U S\Downloads\Health Images\Images\263.png,"As the presidential and parliamentary elections are expected to be held by the end of this year or early next year, social media platforms have become inundated with dubious and unverified survey results. Amidst this deluge of information, the accuracy and reliability of these polls are increasingly questioned, fueling uncertainty and speculation among the populace. With the political landscape in flux, citizens face the challenge of discerning truth from misinformation as they navigate the upcoming electoral process. ","Unverified, Dubious Rumours Say AKD Hailed As Emerging Political Leader of Asia",3/29/2024,0
ID0264,C:\Users\A S U S\Downloads\Health Images\Images\264.png,"As the presidential election is supposed to be held in the latter half of 2024, there are already a number of discussions in the political arena about possible tie-ups. One such scenario being projected by some is the possible coalition of SJB along with President Ranil Wickremasinghe.
Against this backdrop, a series of viral images implied that there are already indications of this coalition, stating that Hirunika Premachandra, a prominent female politician from SJB and former president and a key figure in Sri Lankan political circles, Chandrika Kumaratunga, were caught on camera recently having a cordial discussion. ","2019 Images Viral As Recent Cordial Getogether of Ranil, Hirunika & Chandrika!",3/22/2024,0
ID0265,C:\Users\A S U S\Downloads\Health Images\Images\265.png,"The presidential election in Sri Lanka, anticipated to take place this year, has sparked extensive social media discussion. However, amidst these discussions, there is a concerning trend of survey results being disseminated across social media channels, which lack credibility. These fabricated survey outcomes are contributing to misinformation and confusion among the populace regarding the potential consequences of the election.",Dubious Survey Claims by “Mass Media News” on Sri Lankan Presidential Election,3/19/2024,0
ID0266,C:\Users\A S U S\Downloads\Health Images\Images\266.png,"Lal Kantha, a leader of the National People’s Power (NPP), has consistently made controversial statements. However, it’s important to note that some of his statements have been misrepresented or altered by social media users, leading to misinterpretations of his intentions or views.
This highlights the potential for misinformation to spread rapidly in online spaces and underscores the importance of verifying sources and understanding context before drawing conclusions from social media content ",Lal Kantha did NOT say that NPP would nationalise the top private businesses under their government!,3/11/2024,0
ID0267,C:\Users\A S U S\Downloads\Health Images\Images\267.png,"Frequent dissemination of misinformation/disinformation targeting politicians,  is a widely see on Sri Lankan social media platforms. Many times misleading narratives are shared wth satirical image edits as well. Let´s look at one such claim.",Image of Former President Mahinda Rajapaksa Reading a Sex Education Related Book ?,3/8/2024,0
ID0268,C:\Users\A S U S\Downloads\Health Images\Images\268.png,"In recent weeks, Sajith Premadasa, the opposition leader of Sri Lanka, and his wife welcomed a new addition to their family—a daughter. Premadasa himself disclosed this joyful news during a public meeting. 
However, alongside this celebration, there has been a concerning trend of misleading social media posts circulating about the opposition leader’s private life, particularly targeting his wife. These posts aim to undermine Premadasa’s credibility and integrity, raising questions about the ethics of public discourse and the spread of misinformation in the digital age ","Is Jalani Premadasa, the wife of Sri Lanka’s opposition leader, 64 years old?",3/7/2024,0
ID0269,C:\Users\A S U S\Downloads\Health Images\Images\269.png,"The upcoming presidential election in Sri Lanka is expected to take place this year, sparking discussions about potential debates between the main political parties of the opposition. The main opposition party, Samagi Jana Balawegaya (SJB) and National Peoples Power (NPP), hold differing views on various issues, prompting calls for debates to be a focal point in Sri Lankan politics. This debate proposition encompasses two key aspects: one involving a debate between the leaders of the two parties, SJB leader Sajith Premadasa and Anura Kumara Dissanayake of the NPP, and another featuring economic councils from both parties discussing strategies to address the country’s economic crisis and foster improvement. 
Against this backdrop, NPP national executive committee member Nalinda Jayatissa recently communicated to SJB general secretary Ranjith Madduma Bandara, expressing NPP leader Anura Kumara Dissanayake’s readiness to debate Opposition Leader Sajith Premadasa on May 7, 9, 13, or 14, leaving the choice of date to the Opposition Leader’s discretion. ","The letter purportedly written by Sajith to Anura, suggesting June 31st as a debate date, is fake.",4/23/2024,0
ID0270,C:\Users\A S U S\Downloads\Health Images\Images\270.png,"As the presidential election in Sri Lanka is expected towards the second half of the year, social media platforms are inundated with a deluge of survey results claiming to gauge public opinion. However, a significant portion of these purported surveys are fabricated and false, adding to the confusion surrounding the electoral landscape. The proliferation of misinformation underscores the challenge of discerning genuine public sentiment amidst the noise of digital platforms, raising concerns about the integrity of the democratic process and the influence of misinformation on voter perceptions. ","Viral Infographic Claiming Survey Results of SIS Over  Sri Lankan Presidential Election Is Fabricated, Not Real!",4/17/2024,0
ID0271,C:\Users\A S U S\Downloads\Health Images\Images\271.png,"As the presidential election approaches in Sri Lanka, social media platforms are inundated with posts aiming to promote anticipated candidates as well as posts seeking to tarnish their reputation. These posts constitute part of vigorous campaigning efforts, with supporters advocating for their preferred candidates while detractors seek to undermine their opponents through various means of online communication.","No, Anura Kumara Dissanayake Does Not feature on Time Magazine Cover!",4/11/2024,0
ID0272,C:\Users\A S U S\Downloads\Health Images\Images\272.png,"As Sri Lanka prepares for major elections, an unsettling atmosphere prevails as misinformation proliferates across social media platforms. This influx of false information has created seeds of doubt in the general public, casting suspicion on the legitimacy of the impending electoral process and even raising questions about whether the elections will take place at all. 
Against this backdrop, a purported statement linked to President Ranil Wickremasinghe went viral, creating further doubts over the possibility of elections. ",Did The President of Sri Lanka Say That No Election Will Be Held Until the End of the IMF Program? Find out the facts…,4/2/2024,0
ID0273,C:\Users\A S U S\Downloads\Health Images\Images\273.png,"Iran’s late President, Ebrahim Raisi, has been buried in his hometown of Mashhad, four days after being killed in a helicopter crash. The 63-year-old hardline cleric was buried in the shrine of Imam Reza, a prominent figure in Shia Islam. Large crowds gathered in one of the city’s main streets before of the ceremony. Following this, an image of a massive crowd gathered on the streets is going viral on social media with a claim that it shows the funeral procession of Iranian President Ebrahim Raisi.
The caption of the post states, “West says Raisi was unpopular in Iran. I saw millions of people at his funeral.”. ",2020 image shared as recent visual from Iranian President Ebrahim Raisi’s Funeral ,5/29/2024,0
ID0274,C:\Users\A S U S\Downloads\Health Images\Images\274.png,"Recently, President Ranil Wickremesinghe met with Elon Musk in Bali, Indonesia, while attending an international summit. Following this meeting, there has been a surge of social media content discussing Elon Musk’s Starlink service and the potential for its introduction to Sri Lanka. However, much of this information is misleading, with various unverified claims and speculative details circulating widely. ",Starlink Pre-Orders in Sri Lanka Began Years Before President’s Meeting with Elon Musk,5/28/2024,0
ID0275,C:\Users\A S U S\Downloads\Health Images\Images\275.png,"Sajith Premadasa, the opposition leader of Sri Lanka, has announced his candidacy for the upcoming presidential election scheduled for the end of this year. As the election approaches, there has been a noticeable increase in misleading and false information targeting him on social media. These disinformation campaigns seem to be strategically aimed at undermining his credibility and electoral prospects. ",Sajith Premadasa Did NOT Say Smoking Causes Cirrhosis,5/21/2024,0
ID0276,C:\Users\A S U S\Downloads\Health Images\Images\276.png,"Sri Lanka has been steadily recovering from the most severe economic recession in its post-independence era, achieving tangible and relative stability. However, this progress is being undermined by misleading social media campaigns that degrade the country’s efforts and misinform the public about the actual state of recovery. ","Since President Wickremesinghe assumed office in July 2022, Sri Lanka has repaid approximately $2 billion in debt.",5/21/2024,0
ID0277,C:\Users\A S U S\Downloads\Health Images\Images\277.png,"Sri Lanka grapples with a significant prevalence of alcohol and drug-related crimes, along with accompanying social and medical issues. Recently, opposition leader Sajith Premadasa highlighted the urgency of reducing these tendencies and advocated for reducing the government’s support for the liquor industry. However, certain media outlets have misinterpreted his stance, leading to confusion regarding his stance on the matter.",Sajith Premadasa’s Stance on Liquor Shops Gets Misinterpreted by ‘Daily Mirror’,5/16/2024,0
ID0278,C:\Users\A S U S\Downloads\Health Images\Images\278.png,"In light of Sri Lanka’s constitutional requirement for a presidential election before November this year, there has been a surge in the circulation of various documents and infographics on social media purporting to depict voter preferences in the upcoming election. However, many of these materials have been identified as either fabricated or false, and many lack the rationale of sampling methods. Despite the proliferation of such misleading content, it remains crucial for voters to discern credible sources of information amidst the noise and misinformation. ",Viral Document Claiming UNHCR Survey on Sri Lankan Presidential Polls is FABRICATED!,5/15/2024,0
ID0279,C:\Users\A S U S\Downloads\Health Images\Images\279.png,"A heated argument erupted between Sri Lanka Podujana Peramuna (SLPP) parliamentarian D. Weerasinghe and NPP national executive committee member Nalin Hewage during a recent TV program. The tension escalated when Weerasinghe accused the JVP of committing massive killings during the 1988/89 era, including his father’s death, to which Hewage responded that many of those killed by the JVP were allegedly involved in criminal activities such as drug dealing and rape. The debate intensified, leading to Hewage leaving the studio mid-discussion. Subsequently, numerous social media posts targeting SLPP parliamentarian Weerasinghe began circulating. ",Clarifying Misinformation Surrounding D. Weerasinghe’s Birth Date and His Father’s Fate During the 1988/89 JVP Insurrection,5/1/2024,0
ID0280,C:\Users\A S U S\Downloads\Health Images\Images\280.png,"Live broadcasting of presidential debates is a modern and valuable tradition in the USA, promoting transparency and informed voting. However, misleading posts circulating on social media often distort information about the debate process, potentially confusing the public. ",CNN did NOT Implement a 1-2 Minute Delay for the First Presidential Debate(2024) in USA,6/29/2024,0
ID0281,C:\Users\A S U S\Downloads\Health Images\Images\281.png,"As the national elections in Sri Lanka draw near, there is a noticeable increase in the dissemination of misleading and altered content on social media platforms. This content often targets politicians and political parties, aiming to sway public opinion and influence the electoral process. ",Sudarshanramaya Temple’s Billboard Banning Politicians from Entering Temple!!,6/27/2024,0
ID0282,C:\Users\A S U S\Downloads\Health Images\Images\282.png,"Former President Ranil Wickremesinghe is reportedly preparing to travel overseas due to health reasons, according to informed sources.
It is reported that former President Wickremesinghe is considering traveling to either France, the United Kingdom, or India.
In view of the current climate in the country, the former President was recently invited by opposition political parties to take on a leadership role and contribute to future political activities.
Accordingly, former President Ranil Wickremesinghe has taken note of these developments and has expressed views regarding a plan to conduct a series of political meetings. ",What’s ex-President Ranil’s next political move?,9/24/2025,1
ID0283,C:\Users\A S U S\Downloads\Health Images\Images\283.png,"Opposition leader Sajith Premadasa has frequently become the target of misinformation campaigns on social media, where his speeches are often edited and altered. As the presidential election in Sri Lanka approaches, these misleading attacks have intensified, aiming to undermine his credibility and influence.",Sajith Premadasa’s Comments on His Educational Experience in UK Misinterpreted in Social Media,6/20/2024,0
ID0284,C:\Users\A S U S\Downloads\Health Images\Images\284.png,"After recovering from its most severe economic crisis since gaining independence, Sri Lanka has implemented numerous economic reforms and taxation measures to stabilise its economy. However, during this challenging period, social media has become a breeding ground for misleading posts and misinformation about these reforms. This misinformation has contributed to confusion and unrest among the public, complicating the government’s efforts to navigate the country through its economic recovery. ",Is Sri Lanka introducing a new imposed rental income tax on all owner-occupied and vacant residential properties from April 2025?,6/19/2024,0
ID0285,C:\Users\A S U S\Downloads\Health Images\Images\285.png,"Discussions and criticisms about the National People’s Power (NPP) have recently proliferated on social media platforms, with varying opinions and perspectives. However, it is essential to note that some of these discussions can be misleading, as misinformation and biased viewpoints often circulate online. ",Misleading Video of Sunil Hadunneththi’s Remarks on Economic Policies,6/18/2024,0
ID0286,C:\Users\A S U S\Downloads\Health Images\Images\286.png,"Numerous political coalitions are forming in anticipation of the upcoming elections in Sri Lanka. This has been accompanied by a surge in misinformation regarding these alliances, creating confusion among the electorate. The spread of false information complicates the political landscape, making it crucial for voters to verify the credibility of the sources they rely on for election-related news. ",“Sarwajana Balaya Movement” Has NOT Decided to Support National People’s Power (NPP),6/14/2024,0
ID0287,C:\Users\A S U S\Downloads\Health Images\Images\287.png,"The long-standing issue of a debate between opposition leader Sajith Premadasa  of the SJB and Anura Kumara of NPP  has generated considerable discussion in Sri Lanka. Despite months of negotiations, no debate has taken place, with the SJB proposing an initial debate between economic committees and the NPP favoring a direct leaders’ debate. Recently, misleading posts on social media claimed that Premadasa agreed to a debate on June 6, citing a fake letter with his letterhead and signature. ",Circulating Letter on Sajith’s Participation in Debate with Anura  Is Fake,6/6/2024,0
ID0288,C:\Users\A S U S\Downloads\Health Images\Images\288.png,"Using famous public figure names in a misleading manner is a common tactic on social media, and even mainstream media sometimes engages in this practice, especially close to key elections. Such misleading reports and posts often target prominent figures, including two leading politicians, distorting facts to influence public perception and drive specific narratives. ",Viral WhatsApp Forward About A certain Ranil Wickremesinghe’s Arrest is NOT related to the SL president!,6/5/2024,0
ID0289,C:\Users\A S U S\Downloads\Health Images\Images\289.png,"Following the recent meeting between Sri Lankan President Ranil Wickremesinghe and Elon Musk in Bali, Indonesia, numerous discussions and social media posts have emerged. However, some of these social media posts contain false information. ",Elon Musk Has NOT publicly stated he was shocked from hearing Hadunneththi`s Allegations,6/4/2024,0
ID0290,C:\Users\A S U S\Downloads\Health Images\Images\290.png,"Sajith Premadasa, the leader of the Samagi Jana Balawegaya (SJB) and the opposition leader of Sri Lanka, has recently been targeted by a trend of altering his speeches. These manipulated speeches are being made viral on social media to tarnish his image.",Misrepresentation of Sajith Premadasa’s Speech on Proposed Debate with NPP,6/3/2024,0
ID0291,C:\Users\A S U S\Downloads\Health Images\Images\291.png,"Recently, a claim has been circulating that former President Donald Trump plagiarized parts of a speech from the movie “Legally Blonde” during one of his addresses. This rumor has gained traction across social media and has led to widespread speculation. ",Did Trump Plagiarize from “Legally Blonde”?,7/30/2024,0
ID0292,C:\Users\A S U S\Downloads\Health Images\Images\292.png,"The presidential elections in Sri Lanka are scheduled for September 21. As several candidates have already started making cash deposits before the date of accepting the nomination on August 15th, election-related misleading posts have gradually begun to emerge among social media circles. ",Did AKD Present the Official NPP Election Manifesto via AI Technology? Find out facts…,7/28/2024,0
ID0293,C:\Users\A S U S\Downloads\Health Images\Images\293.png,"The Election Commission of Sri Lanka has announced the dates for the upcoming elections. In light of this, there has been a surge in misleading claims circulating on social media about the election dates. These false statements are causing confusion among the public, making it crucial to verify information from credible sources to ensure accurate understanding and prevent the spread of misinformation. ",Misleading Election Dates Circulated on Social Media,7/26/2024,0
ID0294,C:\Users\A S U S\Downloads\Health Images\Images\294.png,"Right after the US President, Joe Biden, announced he was dropping out of the presidential race after mounting calls from some Democrats for him to end his reelection bid, a video of him cursing his critics after announcing he would not seek reelection has been posted and widely spread on social media platforms, including X. The video has received many reactions and comments from users. However, we found that the above video claim is AI-generated. ",Deepfake of Biden grows online after his withdrawal from the 2024 election,7/24/2024,0
ID0295,C:\Users\A S U S\Downloads\Health Images\Images\295.png,"Last week, messages spread on social media platforms and various online news websites claiming that Xi Jinping, the President of the People’s Republic of China, had suffered a stroke. Reports indicated a relapse during a recent Central Committee meeting of the Communist Party of China. ", MISLEADING: No Evidence of Xi Jinping’s Alleged Stroke During Party Meeting,7/23/2024,0
ID0296,C:\Users\A S U S\Downloads\Health Images\Images\296.png,"After the assassination attempt on former US President Donald Trump, social media circles worldwide, and even in Sir Lanka, have seen a surge in misleading and fabricated content related to the horrifying incident.",Misleading Claims About Donald Trump Circulating on Social Media in Sri Lanka,7/23/2024,0
ID0297,C:\Users\A S U S\Downloads\Health Images\Images\297.png,"National elections in Sri Lanka are scheduled to be held in the upcoming months, leading to an increase in fake survey results being spread on social media. These false surveys often claim to predict the outcomes of the elections, misleading the public about the potential winners and creating confusion. Verifying such information through reliable sources is essential to ensure accurate and trustworthy election-related news. ",EU Denies Conducting Survey Predictions on Sri Lankan Presidential Elections!,7/19/2024,0
ID0298,C:\Users\A S U S\Downloads\Health Images\Images\298.png,"Anura Kumara Dissanayake, the leader of the National People’s Power (NPP), has frequently been the target of misinformation and disinformation campaigns, especially as national elections approach. These campaigns often aim to undermine his credibility and sway public opinion, making it crucial to verify the accuracy of claims related to his statements and actions. ", AKD did NOT say that NPP would produce sulfuric acid using seawater at Paranthan Factory!,7/19/2024,0
ID0299,C:\Users\A S U S\Downloads\Health Images\Images\299.png,"Former U.S. President Donald Trump miraculously escaped with minor injuries to his ear from a shooting attempt at a rally in Butler, Pennsylvania on 13th July. The incident naturally captured headlines around the world, and a lot of attention was drawn to the person who tried this assassination attempt.  ",The image and claim that Trump was shot in the chest are misleading,7/18/2024,0
ID0300,C:\Users\A S U S\Downloads\Health Images\Images\300.png,"A recent drive to create wall arts around many parts of the country was lauded by many quarters irrespective of political differences, while some concerns were raised more recently about the quality of some of the paintings and whether there should be some guidelines before making decisions on such painting and the conveyed message.",Fact Check: Edited image used to claim wall art disfigured with posters,12/6/2019,0
ID0301,C:\Users\A S U S\Downloads\Health Images\Images\301.png,"Prime Minister Mahinda Rajapaksa along with a team of delegates left the country a few days ago to attend the G20 Interfaith Forum 2021, held at Bologna, Italy. While a few groups staged protests demanding justice for victims of Easter Sunday attacks in Italy, there were some who held demonstrations in favor of the Prime Minister. ",FACT CHECK: Did a Crowd Boo PM Mahinda Rajapaksa in Italy? Find out the Truth…,9/15/2021,0
ID0302,C:\Users\A S U S\Downloads\Health Images\Images\302.png,"Sri Lanka has been amidst a severe political and economic crisis for a few months and public protests against the government were seen in many parts of the country. Bar Association of Sri Lanka (BASL) and it`s president Saliya Pieris has been emphasizing the rights of people to protest peacefully and on several occasions have appeared to provide legal assistance as well, when the peaceful protesters had been attacked and harassed by the Police or security forces. ",Campaign by Saliya Pieris to become the next President of Sri Lanka?,6/3/2022,0
ID0303,C:\Users\A S U S\Downloads\Health Images\Images\303.png,Accusations targeting politicians and their families have been a longstanding trend in Sri Lanka. This investigation delves into accusations directed at Minister Keheliya Rambukwella’s daughter,HIPG Denies Viral Rumors linked to Minister Rambukwella’s Daughter!,11/28/2023,0
ID0304,C:\Users\A S U S\Downloads\Health Images\Images\304.png,"The image is from Pakistan’s 2018 by-elections, not the 2024 general election. Imran Khan cast his vote via postal ballot from Adiala Jail for the 2024 election. In Pakistan, the voting completed on February 8. It took place for a total of 265 seats in the Pakistan National Assembly, with the next Prime Minister requiring a simple majority in the NA to be sworn in. There are three main political contenders — the Pakistan Muslim League-Nawaz (PML-N) and its key leader, former PM Nawaz Sharif, the Pakistan Tehreek-e-Insaf (PTI), led by Imran Khan, and the Pakistan People’s Party (PPP), who is projecting former Foreign Minister Bilawal Bhutto as the PM candidate. ",2018 image of Imran Khan casting vote shared as from 2024 Pakistan General Elections,2/13/2024,0
ID0305,C:\Users\A S U S\Downloads\Health Images\Images\305.png,"Since November 24th, a video showing a female officer in Udugampola being assaulted by a man is being shared widely on social media. 
Many of the users who shared this video raised concerns over such an act and sought details of the incident and inquired whether there was some political plot behind it. Some of the posts claimed that the attack was carried out by a political thug of Minister Prasanna Ranatunga.
However, our investigation revealed that the attack was in fact the result of a long-running personal dispute and not related to Minister Ranatunga",FACT CHECK: Did a ‘political thug’ of Minister Prasanna Ranatunga assault a woman officer at the Udugampola Provincial RDA Office?,12/4/2020,0
ID0306,C:\Users\A S U S\Downloads\Health Images\Images\306.png,"On July 23, Bryson DeChambeau, an American professional golfer, uploaded a new episode of his popular show “Break 50” on his YouTube channel. This episode was especially noteworthy as it featured a special guest: former President Donald Trump. The episode garnered significant attention and sparked many discussions online. Amidst the buzz, some social media users question about Trump’s right ear, which appears to show no signs of a wound in the video. This has led to various discussions and theories about the matter. ",Debunked: Image of Trump’s Healed Ear Sparks Misleading Claims,7/25/2024,0
ID0307,C:\Users\A S U S\Downloads\Health Images\Images\307.png,"A Video was shared on social media claiming that WION News Published a news video regarding Isham Marikar. Even though most of the publishers had removed the content immediately from their social media accounts, many users were misled by the screenshots, which continued to go viral among Sri Lankan users. ",WION News Published a news video regarding young politician Isham Marikar?,7/25/2024,0
ID0308,C:\Users\A S U S\Downloads\Health Images\Images\308.png,"On July 13, 2024, during a Trump rally in Butler, Pennsylvania, potential gunshots were heard, prompting the Secret Service to swiftly secure the stage. Reporters noted several shots, and Former President Donald Trump was escorted away in a motorcade after touching his ear and crouching down. The FBI identified the shooter as 20-year-old Thomas Matthew Crooks, armed with an AR-style rifle approximately 400 feet from the stage (Source: CBS). Amidst this alarming event that captured global attention, a viral image emerged, showing Trump’s Secret Service agents smiling next to him while escorting him out of the scene.",Viral Image of Smiling Secret Service Agents Escorting Trump is EDITED,7/15/2024,0
ID0309,C:\Users\A S U S\Downloads\Health Images\Images\309.png,"As the national elections in Sri Lanka approach, a significant surge of misleading social media posts is being observed. These posts are spreading false information about political parties and their policies, creating confusion among the electorate. The rapid dissemination of such misinformation on platforms like Facebook and X is contributing to a distorted political discourse, potentially influencing voter perceptions and decisions in the critical run-up to the elections. ",Fact Check: Claims about JVP Policy on Salary Increases for Estate Workers and Recent Government Actions,7/2/2024,0
ID0310,C:\Users\A S U S\Downloads\Health Images\Images\310.png,"As the heat gradually intensifies for the presidential polls, some of the periodic directives by the government and the president himself often get misattributed to the elections. Let’s look at one such instance where social media posts distorted a regular directive on national security, presenting it in a deceptive manner to mislead the public. ",Sudden Call Out for Tri-Forces by President Wickremasinghe? Find out the facts…,8/28/2024,0
ID0311,C:\Users\A S U S\Downloads\Health Images\Images\311.png,"As the presidential and parliamentary elections approach, a surge of misleading posts is being spread on social media, particularly targeting the emerging political party, the National People’s Power (NPP). These posts include false claims, altered videos, and fabricated statements aimed at influencing public perception and creating confusion among voters. ",Viral List of NPP Cabinet Ministers is False,8/27/2024,0
ID0312,C:\Users\A S U S\Downloads\Health Images\Images\312.png,"As the presidential election approaches in Sri Lanka, social media has seen a surge in misinformation targeting Anura Kumara Dissanayake, the leader of the National People’s Power (NPP) and a presidential candidate. Various false claims and misleading posts are being circulated, aiming to tarnish his reputation and influence public perception.",Is Anura Kumara Dissanayake the Eighth Richest Person in Sri Lanka?,8/26/2024,0
ID0313,C:\Users\A S U S\Downloads\Health Images\Images\313.png,"As the presidential election in Sri Lanka approaches, a surge of misleading information targeting opposition leader Sajith Premadasa and his supporters is being spread across social media platforms. These false claims and edited content aim to discredit Premadasa, a prominent candidate in the upcoming election. ",A Facebook post from Patali’s media secretary as “Sajith: president –  Patali :Prime Minister”?,8/24/2024,0
ID0314,C:\Users\A S U S\Downloads\Health Images\Images\314.png,"A. Mohammed Ilyas, who received nominations for the upcoming presidential election, has passed away at age 78. Mr. Ilyas was to contest as an independent candidate under the symbol of a syringe.
He passed away on August 22nd while receiving treatment at the Puttalam Base Hospital due to a sudden illness. Mr. Ilyas has also worked as a member of Parliament, representing the Jaffna district during the Chandrika Bandaranaike Kumaratunga government.  ",What happens when a Presidential Candidate dies?,8/23/2024,1
ID0315,C:\Users\A S U S\Downloads\Health Images\Images\315.png,"Dr. Harini Amarasuriya, a National List Member of Parliament (MP) representing the National People’s Power (NPP), has been frequently targeted by misinformation and disinformation campaigns. These campaigns often involve fabricated statements or manipulated content attributed to her, circulating widely on social media.  ",Harini did NOT criticize Diyawadana Nilame; social media posts are fabricated!,8/23/2024,0
ID0316,C:\Users\A S U S\Downloads\Health Images\Images\316.png,"In the 2024 presidential election, more than 700,000 voters were eligible for postal voting. It is reported that 736,589 voters have applied for postal voting, of which 24,268 have been rejected. Election Commissioner General Mr Saman Sri Rathnayake has said that all the documents related to the postal ballot will be forwarded to the relevant institutions on the 26th of August. September 4th has been fixed for the eligible employees of district secretariats, election offices, and the police to cast their postal votes. September 5th and 6th have been reserved for the other eligible government workers to cast their votes.  The government workers who cannot cast their vote on those two days can vote on September 11th and 12th. ",More than 7 lakh voters are eligible for postal voting!,8/23/2024,1
ID0317,C:\Users\A S U S\Downloads\Health Images\Images\317.png,"Dilith Jayaweera, a prominent Sri Lankan businessman and media personality, has been thrust into the spotlight as a presidential candidate. As the election approaches, a surge of misleading and false information targeting him is circulating on social media. These posts often aim to discredit his candidacy or confuse the public. The spread of such misinformation highlights the increasing challenges of navigating truth and fiction in the digital age, particularly for high-profile individuals like Jayaweera during critical electoral periods. ",Viral Image of Dilith Jayaweera and Companions Walking in Mud Is Altered!,8/22/2024,0
ID0318,C:\Users\A S U S\Downloads\Health Images\Images\318.png,"The Election Commission has decided to impose a legal limit on the maximum amount that can be spent on an election campaign program, with the intention of regulating the expenses of presidential election candidates. According to the Regulation of Election Expenditure Act, the amount authorised to be spent per voter must be published in a gazette within five days of announcing presidential nominations. ",The maximum amount a Presidential Candidate can spend on one voter is now gazetted!,8/20/2024,1
ID0319,C:\Users\A S U S\Downloads\Health Images\Images\319.png,"Although a large number of candidates compete at the presidential election, in most cases it has become a contest between two major candidates. The Presidential Election is conducted under a preference order system. Thus, a voter can vote for one candidate of his choice or three candidates in the order of his choice.
According to the voter’s choice, the voter can vote only for one candidate, by marking his choice with the ‘X’ mark or the voter can vote for three candidates by marking his choice as ‘1’, ‘2’, and ‘3’ according to his preference order. ",A follow-up on the percentages of candidates and the voter behavior at the Presidential Elections in History.,8/20/2024,1
ID0320,C:\Users\A S U S\Downloads\Health Images\Images\320.png,"As Sri Lanka’s presidential election approaches, a growing trend is noticed in the number of misleading posts targeting Anura Kumara Dissanayake, the leader of the National People’s Power (NPP), an emerging political force. These campaigns aim to undermine his credibility and the NPP’s growing influence by spreading false or misleading information about his policies, statements, and personal actions. ",Did Anura Kumara Dissanayake Promise to Remove VAT from All Items if Elected President?,8/20/2024,0
ID0321,C:\Users\A S U S\Downloads\Health Images\Images\321.png,"As the presidential election approaches, many misleading claims often circulate on social media, including false information about voting procedures and other election-related matters. These misleading narratives can create confusion and misinformation among voters, making it crucial to verify the accuracy of such claims before sharing or believing them. ",Is the Cross Mark Invalid in the Upcoming Sri Lankan Presidential Election?,8/17/2024,0
ID0322,C:\Users\A S U S\Downloads\Health Images\Images\322.png,Recent claims falsely allege that Sajith Premadasa had submitted his nomination papers from the back of the registration table when the usual practice is to submit the required documents related to nomination papers in front of the Election Commission. Let’s look at the claim first. ,Sajith Premadasa’s Nomination Submission for the Presidential Election,8/16/2024,0
ID0323,C:\Users\A S U S\Downloads\Health Images\Images\323.png,"The 2024 Presidential Election is becoming a hot topic day by day. It has become the first Presidential Election in which the most significant number of candidates are contesting in the history of Sri Lanka with 39 candidates. Many commentators state that there will be a high competition between several main candidates this time.
Accordingly, many speculate it will be difficult for any of the main candidates to get even half, 50% of the declared valid votes. In such a situation, a candidate who gets more than 50% of the votes will be difficult to select only from the first round of counting votes.",How can the second and third votes in the election be cast correctly? ,8/16/2024,1
ID0324,C:\Users\A S U S\Downloads\Health Images\Images\324.png,"A trend has emerged as the upcoming presidential election approaches: altered videos are circulated to discredit opposition leader Sajith Premadasa. While some of these videos are created in a satirical manner, this manipulated content misrepresents Sajith’s actions and statements, creating a misleading narrative to undermine his credibility and tarnish his public image. ",Viral Video Featuring Sajith Premadasa Debunked: Original Belongs to Gehan Blok and Dino Korera,8/16/2024,0
ID0325,C:\Users\A S U S\Downloads\Health Images\Images\325.png,"The emerging political party, National People’s Power (NPP), has become the target of numerous disinformation and misinformation campaigns. Our investigation focuses on specific social media posts falsely claiming that none of the NPP members of parliament have declared their assets. In reality, the Commission to Investigate Allegations of Bribery or Corruption (CIABOC) has published asset declarations for NPP members, contradicting the misleading claims that were circulated. This investigation highlights the ongoing efforts to discredit the NPP through false narratives.",Did NPP Members of Parliament Fail to Declare Their Assets?,8/15/2024,0
ID0326,C:\Users\A S U S\Downloads\Health Images\Images\326.png,"The Election Commissioner is responsible for setting the dates for accepting nominations and conducting the Presidential Election. This process begins with an official notice published in the gazette. The date for accepting nominations is set within a period ranging from 16 to 21 days after the publication of this notice .
Following the submission of nominations, the presidential election must take place within 4 to 6 weeks. Importantly, the polling day cannot coincide with a Full Moon Poya day or a public holiday.",Determining the Dates for Nominations and the Presidential Election,8/15/2024,1
ID0327,C:\Users\A S U S\Downloads\Health Images\Images\327.png,"The period for the candidates contesting the upcoming Presidential Election, which will be held on 21st September, to submit deposits was over at noon on 14th August. Accordingly, the Election Commission stated that 40 people submitted deposits to contest the Presidential Election.","With 40 candidates, the 2024 Presidential Election submission of deposits is over.",8/15/2024,1
ID0328,C:\Users\A S U S\Downloads\Health Images\Images\328.png,"PAFFREL, in its commitment to supporting the Election Commission and ensuring free and fair elections, is actively monitoring the 2024 Presidential Election. The organisation’s Executive Director, Mr Rohana Hettiarachchi, has emphasised that PAFFREL will take appropriate action against any violations of election laws or incidents that may unfairly affect a candidate or their party.",Reporting Election Complaints to PAFFREL,8/14/2024,1
ID0329,C:\Users\A S U S\Downloads\Health Images\Images\329.png,"With the presidential election fast approaching, a surge of misleading posts is spreading across social media platforms. These false claims and deceptive content are creating confusion and misinformation among the public, highlighting the critical need for accurate fact-checking and reliable information as voters prepare to make informed decisions. ",Is It Illegal for Anura Kumara Dissanayake to Lead Both JVP and NPP?,8/14/2024,0
ID0330,C:\Users\A S U S\Downloads\Health Images\Images\330.png,"As the much-awaited presidential election 2024 was finally announced by the Election Commission of Sri Lanka, a significant amount of misleading information about the candidates is being spread on social media. Fact-checking efforts are crucial during this period to ensure that voters are not swayed by misinformation and can make informed decisions. ",Will  President Ranil Wickremesinghe Contest the Presidential Election Under the “Heart” Symbol ?,8/14/2024,0
ID0331,C:\Users\A S U S\Downloads\Health Images\Images\331.png,"As the Sri Lankan presidential election approaches, a surge of misleading information about candidates is spreading rapidly, especially on social media. These false claims and edited content are being circulated to mislead voters and influence public perception, creating confusion in the lead-up to the election. Fact-checking efforts are crucial in this context to debunk these inaccuracies and provide accurate information to the public. ",False Claims of Dilith Jayaweera’s Withdrawal from Presidential Race,8/13/2024,0
ID0332,C:\Users\A S U S\Downloads\Health Images\Images\332.png,"As the presidential election in Sri Lanka draws closer, an increasing amount of altered and misleading content is being circulated about Sajith Premadasa, the opposition leader. These false narratives are part of a growing trend aimed at discrediting him during this critical period. ",Did Sajith Premadasa Violate Election Law by Holding a Welfare Program in a School?,8/12/2024,0
ID0333,C:\Users\A S U S\Downloads\Health Images\Images\333.png,"As the presidential election in Sri Lanka draws closer, an increasing amount of altered and misleading content gets created, especially targeting key candidates. The opposition leader, Sajith Premadasa, has been at the receiving end of many such manipulated content. These false narratives are part of a growing trend aimed at discrediting him during this critical period. ","Did Sajith Premadasa Say, “This is the First Step of the Journey to Make the Country More Bankrupt”?",8/12/2024,0
ID0334,C:\Users\A S U S\Downloads\Health Images\Images\334.png,"As Sri Lanka’s presidential and parliamentary elections approach, social media is increasingly becoming a platform for the spread of misleading claims about politicians. This surge in misinformation is creating confusion among the public, with false narratives and doctored images being widely shared to influence voter perceptions. The proliferation of such content highlights the need for vigilant fact-checking and responsible online behavior to ensure a fair and informed electoral process. ",Dr. Harini Amarasuriya Did NOT say  Kandy Dalada Perahera should be held Without Elephants,8/12/2024,0
ID0335,C:\Users\A S U S\Downloads\Health Images\Images\335.png,"As the presidential election in Sri Lanka approaches, a surge of misleading information is seen across all social media platforms. These false claims and deceptive narratives often create confusion among the public. Ensuring accurate and reliable information is more crucial than ever during this critical period. ",Ravi Karunanayake Said That He Would Be Prime Minister if Ranil Wins the Upcoming Presidential Election? Find out the facts…,8/7/2024,0
ID0336,C:\Users\A S U S\Downloads\Health Images\Images\336.png,"The Parliament was dissolved by President Anura Kumara Dissanayake, effective from midnight on the 24th of September.
President Anura Kumara Dissanayake issued this gazette announcement in terms of the powers assigned to the President of the Democratic Socialist Republic of Sri Lanka under Article 70 of the Constitution of the Democratic Socialist Republic of Sri Lanka per the provisions of Section 10 of the Parliamentary Elections Act No. 1 of 1981. ",2024 Sri Lankan Parliamentary Election,9/30/2024,1
ID0337,C:\Users\A S U S\Downloads\Health Images\Images\337.png,"Mr. Anura Kumara Dissanayke, who became the ninth executive president by the 2024 Presidential election, recently dissolved the parliament. Accordingly, the date has been set for holding a parliamentary election on the 14th of November.",How to apply for Postal Votes for the Parliamentary Election 2024?,9/30/2024,1
ID0338,C:\Users\A S U S\Downloads\Health Images\Images\338.png,"The Samagi Jana Balawegaya (SJB), Sri Lanka’s main opposition party, has recently been the focus of numerous social media posts targeting its leadership, especially Sajith Premadasa. These posts often feature misleading claims and altered media, attempting to discredit Premadasa and the SJB in the lead-up to the general election. ",Viral Letter Allegedly from SJB Election Operations Head Sujeewa Senasinghe is Fake,9/27/2024,0
ID0339,C:\Users\A S U S\Downloads\Health Images\Images\339.png,"Following the recent presidential election, social media has been flooded with rumors and misleading posts about former President Ranil Wickremesinghe. Many of these posts have spread false information or taken statements out of context, creating confusion about his actions and role after leaving office. ",No Evidence that Former President Ranil Wickremesinghe Has Been Selected  as President of ADB,9/27/2024,0
ID0340,C:\Users\A S U S\Downloads\Health Images\Images\340.png,"Since Anura Kumara Dissanayake’s appointment as president, social media has seen a surge of misleading posts targeting both him and his newly formed government. Many of these posts spread false or exaggerated claims, often distorting facts about his policies, actions, and appointments. ",Is There a Decision to Reduce Electricity Bills by 22.5% with the Appointment of New President Anura Kumara Dissanayake?,9/26/2024,0
ID0341,C:\Users\A S U S\Downloads\Health Images\Images\341.png,"Milk powder is a staple consumer product in Sri Lanka, and its price fluctuations often spark widespread discussions, especially on social media. However, some of these online posts can be misleading, spreading misinformation about the reasons behind price changes, availability, or government policies. These misleading claims can create confusion among consumers, fueling unnecessary concerns about shortages or price hikes. Accurate information from reliable sources is crucial to help people understand the real factors influencing milk powder prices, such as global market trends, import costs, and local economic conditions.",False Claims About Milk Powder Price Reduction from Midnight on September 25,9/25/2024,0
ID0342,C:\Users\A S U S\Downloads\Health Images\Images\342.png,"The National People’s Power (NPP) has won the presidential election, and social media is now flooded with posts targeting its leaders. Many of these posts involve misinformation or exaggerated claims aimed at discrediting NPP politicians.  ",Did NPP MP Harini Amarasuriya admit they lack experience building the country?,9/24/2024,0
ID0343,C:\Users\A S U S\Downloads\Health Images\Images\343.png,Ending corruption and bringing those who robbed the country bankrupt to justice were key themes of recently elected president Anura Kumara Dissanayake’s election campaign. ,Old Video Viral Again as Recent Statement of Former President Gotabaya Rajapaksa,9/24/2024,0
ID0344,C:\Users\A S U S\Downloads\Health Images\Images\344.png,"As the announcement of the presidential election winner was delayed, social media circles were flooded with false claims and misleading reports about the final election results. Many fake results were circulated, causing confusion and misinformation among the public. It is essential to rely on official sources and verified news outlets for accurate information about the election outcome.  ",No Candidate Secured More Than 50% Votes in SL Presidential Election,9/22/2024,1
ID0345,C:\Users\A S U S\Downloads\Health Images\Images\345.png,"As millions of Sri Lankans anxiously awaited the release of official presidential election results, many speculative result cards started making rounds on social media. Moreover, even the first postal vote result released by the Election Commission had an error, which was corrected minutes later. ",Fake & Misleading Postal Vote Results – SL Presidential Elections,9/22/2024,0
ID0346,C:\Users\A S U S\Downloads\Health Images\Images\346.png,"As the presidential election approaches, the presidential candidate from National People’s Power (NPP), Anura Kumara Dissanayake, has increasingly become a target of misinformation and disinformation campaigns. These efforts to spread falsehoods appear to intensify as the election draws near, aiming to undermine Dissanayake’s reputation and mislead the public. ",Did Anura Kumara Avoid a Foreign Journalist Due to Poor English Skills? ,9/20/2024,0
ID0347,C:\Users\A S U S\Downloads\Health Images\Images\347.png,"Voting for the Presidential poll to appoint the 9th Executive President of Sri Lanka will take place tomorrow (21). As a citizen with the right to vote in an election, below are some facts you should be aware and careful of before entering the polling station.",Important: Things you should pay attention to on polling day,9/20/2024,1
ID0348,C:\Users\A S U S\Downloads\Health Images\Images\348.png,"On September 17, 2024, President Ranil Wickremesinghe inaugurated the Western Automobile Vehicle Assembly factory in Kuliyapitiya, marking the beginning of vehicle production in this new facility. However, social media posts are being circulated with misleading information about this factory.",Volkswagen Factory Recently Inaugurated in Kuliyapitiya? Find out the facts…,9/19/2024,0
ID0349,C:\Users\A S U S\Downloads\Health Images\Images\349.png,"In this article, we will outline the key policies and promises made by the three main candidates in Sri Lanka’s upcoming presidential election: President Ranil Wickremesinghe, Opposition Leader Sajith Premadasa, and NPP Leader Anura Kumara Dissanayake, as detailed in their respective election manifestos. ",Summary of Election Manifestos of the Key Candidates,9/18/2024,1
ID0350,C:\Users\A S U S\Downloads\Health Images\Images\350.png,"In early 2024, a video circulated showing Taylor Swift at the 2024 Grammy Awards holding a flag with the controversial statement, “Trump Won, Democrats Cheated”. This image sparked considerable attention and debate, given Swift’s prominent public profile and the politically charged nature of the message on the flag. The incident drew reactions from various quarters, raising questions about the context and implications of such a display at a high-profile entertainment event.",Taylor Swift’s “Trump Won” Flag Video Altered,9/17/2024,0
ID0351,C:\Users\A S U S\Downloads\Health Images\Images\351.png,"As the Sri Lankan presidential election approaches, a wave of fake surveys is circulated on social media, misleading the public with false predictions and fabricated data. These surveys often claim results favouring specific candidates, creating confusion among voters. It’s important for people to rely on official sources and credible media outlets to avoid falling for such disinformation. ",False Survey Claim about Presidential Election in Sri Lanka,9/16/2024,0
ID0352,C:\Users\A S U S\Downloads\Health Images\Images\352.png,"As Sri Lanka’s presidential election approaches, and in a background where the final phases of postal voting are being completed, A news article shows that The Ilankai Tamil Arasu Kachchi Re-evaluating Decision to Support Sajith for Presidential election ",Is ITAK Re-evaluating Decision to Support Sajith? Find out the facts…,9/16/2024,0
ID0353,C:\Users\A S U S\Downloads\Health Images\Images\353.png,"Many were puzzled by the viral social media posts implying that the current President, Ranil Wickremesinghe, also among the candidates vying for the presidency term, had ended his campaign by accepting defeat just one week before the much-anticipated polls.  ",President Ranil Wickremesinghe Has NOT Paused His Presidential Election Campaign!,9/15/2024,0
ID0354,C:\Users\A S U S\Downloads\Health Images\Images\354.png,"A part of a speech by the journalist Tharindu Uduvaragedare went viral among netizens. In it, he claimed that no matter which party gets power, he will not allow the party to rule the country. ", Did Tharindu Uduvaragedare’s Speech Mention Plans to Sabotage The Future Government?,9/15/2024,0
ID0355,C:\Users\A S U S\Downloads\Health Images\Images\355.png,"There are still 7 days left for the presidential election and fake information about these candidates is being widely spread on social media platforms, heating the competition between the candidates. Below is the investigation we conducted to find out the accuracy of news that was published regarding the health condition of Mr. Anura Kumara Dissanayake of National People’s Power (NPP) ",The medical prescription claiming that Anura is diagnosed with Depression is a fabricated report!,9/14/2024,0
ID0356,C:\Users\A S U S\Downloads\Health Images\Images\356.png,"As the Sri Lankan presidential elections approach, we have noticed a surge of social media posts that alter and misrepresent speeches by opposition leader and SJB presidential candidate Sajith Premadasa. These posts often manipulate Sajith’s statements out of context to mislead the public about his political stance and actions. This spread of misinformation aims to influence voter perceptions ahead of the upcoming election. ",Viral Video Misrepresents Sajith Premadasa’s Response to a Question About Not Accepting the Presidency in 2022,9/12/2024,0
ID0357,C:\Users\A S U S\Downloads\Health Images\Images\357.png,"Due to the ongoing economic crisis in Sri Lanka, in recent years, the government increased tax rates as part of its recovery efforts. In response, social media has been flooded with misleading claims about these tax changes, leading to public confusion and misinformation. Many posts have exaggerated the impact of the tax hikes or spread false information about which sectors and items are affected. These false claims contribute to heightened public anxiety and misunderstandings about the government’s fiscal policies during this difficult economic period. ","Fact Check: Are Sri Lanka’s Taxes the Highest in the World, and Does It Have the Most Ministers?",9/10/2024,0
ID0358,C:\Users\A S U S\Downloads\Health Images\Images\358.png,"As Sri Lanka’s presidential election approaches, reports of election law violations have surfaced. However, some old incidents are being reshared on social media, misleading the public by presenting them as current election law violations. ",Viral Video Claiming Recent Destruction of President Wickremesinghe’s Banner is Misleading,9/8/2024,0
ID0359,C:\Users\A S U S\Downloads\Health Images\Images\359.png,Below is an investigation we carried out to determine the accuracy of a post circulating on social media platforms stating that the National People’s Power will revoke the license to import vehicles duty-free for doctors and university professors. ,Will the vehicle permits of Doctors and University Professors revoked under a National People’s Power government?,9/6/2024,0
ID0360,C:\Users\A S U S\Downloads\Health Images\Images\360.png,"A claim has been circulating on social media alleging that Professor Meththika Withanage of the University of Sri Jayewardenepura (Japura) has decided to support opposition leader Sajith Premadasa in the upcoming presidential election. The post, accompanied by a photograph, criticizes the Samagi Jana Balawegaya (SJB) for associating with her, referencing her opposition to forced cremations during the COVID-19 period. Let’s examine the facts surrounding this claim. ",Altered Photo Falsely Implying That Prof. Meththika Withanage Supports Sajith!,9/6/2024,0
ID0361,C:\Users\A S U S\Downloads\Health Images\Images\361.png,"As the presidential election in Sri Lanka approaches, there has been a surge in misleading posts and disinformation campaigns on social media, particularly targeting the Samagi Jana Balawegaya (SJB), the main opposition party. These campaigns aim to undermine the party’s credibility and influence voter perception through misleading  content. ",Viral Claim of SJB MP S.M. Marikkar Joining President Ranil Wickremesinghe is Misleading,9/2/2024,0
ID0362,C:\Users\A S U S\Downloads\Health Images\Images\362.png,"Posts circulating widely on social media circles questioned whether the new government had resumed printing money, which had been suspended. Some people argued that inflation could occur in the country as a result of this, while some stated that these are new policies followed by the new government. ",Did the central bank print around 100 billion rupees?,10/30/2024,0
ID0363,C:\Users\A S U S\Downloads\Health Images\Images\363.png,"After Anura Kumara Dissanayake became the President of Sri Lanka and Dr. Harini Amarasuriya assumed the role of Prime Minister, a surge of misleading and false information about their decisions and policies spread across social media. Many of these claims distort or misrepresent their official statements and actions, creating confusion among the public. Despite efforts by their offices to clarify these issues, the misinformation continues to circulate, fueling unnecessary political tension and misunderstandings about their leadership and governance plans.",Are Security Checkpoints Reestablished Near the President’s House and Temple Trees?,10/28/2024,0
ID0364,C:\Users\A S U S\Downloads\Health Images\Images\364.png,"Parliamentary election is less than a month away. The attention of many pro/opposition people were drawn regarding a text stating that there is no ‘battle of preference’ in the compass (National People’s Power), at a time of intensifying competition between parties as well as between various candidates. ",Shouldn’t the candidates express their preference when voting for the compass?,10/25/2024,0
ID0365,C:\Users\A S U S\Downloads\Health Images\Images\365.png,"Claim :   A special merchandise tax of 400 rupees has been imposed on imported Dhal and Salmon
Fact :  A gazette notice issued by extending its effective period sue to the expiry of a gazetted track imposed under the Special Commodity Act No. 48 of 2007 a year ago.
Rating :  Misleading ",Social media posts claiming that a new special tax has been imposed for 5 types of goods are false!,10/19/2024,0
ID0366,C:\Users\A S U S\Downloads\Health Images\Images\366.png,"A short video clip claiming that former Jaffna MP Angajan Ramanathan slapped a government servant has been circulating widely on social media and WhatsApp, causing a stir online. However, our investigations reveal that the claim is false and that the unrelated video clip depicts an incident from  India. ",Jaffna MP Angajan Ramanathan Accused of Slapping Government Servant: Here’s the Truth!,10/16/2024,0
ID0367,C:\Users\A S U S\Downloads\Health Images\Images\367.png,"Although the presidential election is over, misleading social media posts targeting the main candidates continue circulate. Despite the election results being finalised, these deceptive posts aim to undermine the credibility of the candidates and stir controversy. Let’s look at such posts related to election expenditure reports. ", Don’t Get Misled by Fake Rumors of Major Candidates Failing to Submit Income & Expenditure Reports : Presidential Election 2024,10/14/2024,0
ID0368,C:\Users\A S U S\Downloads\Health Images\Images\368.png,"Following the appointment of Dr. Harini Amarasuriya as Prime Minister, a wave of social media posts has emerged, targeting her with various claims. These posts have circulated misinformation and unfounded allegations, often misrepresenting her statements or actions.",Claims of “Special Secretary” Appointment for Hassana Segu Issadeen Are False,10/11/2024,0
ID0369,C:\Users\A S U S\Downloads\Health Images\Images\369.png,"Recently, the National People’s Power (NPP) came into power in Sri Lanka, and since then, there has been a surge of misleading social media posts targeting NPP politicians. These posts spread false or distorted information, aiming to undermine the credibility of the party and its leaders. ",Personalized Stamps Featuring NPP Politicians Harini Amarasuriya and Vijitha Herath – Self-Promotion or Commemorative Souvenirs?,10/10/2024,0
ID0370,C:\Users\A S U S\Downloads\Health Images\Images\370.png,"Six political parties, currently embroiled in disputes over their party secretary positions, have been disqualified from participating in the 2024 Parliamentary Elections. As a result, they are ineligible to submit nomination papers as recognized political parties.
According to the Election Commission, out of 83 registered political parties, only 77 remain eligible to contest in the upcoming General Elections. A Gazette has been issued, listing the 77 recognized parties allowed to submit nomination papers, as well as the six disqualified parties. ",Six Political Parties Disqualified for Elections,10/9/2024,1
ID0371,C:\Users\A S U S\Downloads\Health Images\Images\371.png,"The Commissioner General of Elections, Saman Sri Ratnayake, announced an extension for public servants to submit postal voting applications for the 2024 Parliamentary Elections. Initially set to expire at midnight on October 8, the new deadline is now 12:00 midnight on Thursday, October 10, 2024.
The extension comes in response to potential delays in postal services and numerous requests made to the Election Commission. All postal voting applications must be submitted to the relevant District Election Offices by this deadline. ","Deadline for Postal Voting Applications Extended Until Midnight on October 10, 2024",10/9/2024,1
ID0372,C:\Users\A S U S\Downloads\Health Images\Images\372.png,"After the ICC issued arrest warrants for Netanyahu, Gallant, and a Hamas commander, a viral video surfaced showing Israeli Prime Minister Netanyahu being attacked and beaten up in the Israeli parliament by MPs. The video quickly spread and sparked reactions from many users. However, Fact Crescendo found that the video attached to the claim is misleading ",Netanyahu Was Not Beaten Up in Israeli Parliament,11/29/2024,0
ID0373,C:\Users\A S U S\Downloads\Health Images\Images\373.png,"This year, the representation of women in Parliament has attracted the attention of many. For a long time, there have been various discussions regarding the increase of women’s representation in Parliament, but it seems that it has become a reality this time. Meanwhile, we noticed a post that many people are exchanging these days regarding the representation of women. We have investigated the matter.",Who are the women representing the National People’s Power  Party this year in Parliament?,11/25/2024,1
ID0374,C:\Users\A S U S\Downloads\Health Images\Images\374.png,"The cabinet of ministers of the NPP government were appointed recently and there have been misleading social media posts being spread about their activities and etc.In this article, we checked some misleading post targeting health minister Dr Nalinda Jayatissa and Kandy general hospital .",Did Health Minister Dr. Nalinda Jayatissa Clean a Toilet at Kandy General Hospital?,11/23/2024,0
ID0375,C:\Users\A S U S\Downloads\Health Images\Images\375.png,"A letter circulating on social media, purportedly signed by President Anura Kumara Dissanayake, claims that he has announced there are no longer any restrictions preventing the Tamil community in Sri Lanka from commemorating Maveerar Day. ",Did President Anura Kumara Dissanayake give full permission to celebrate Maveerar Day in Sri Lanka?,11/20/2024,0
ID0376,C:\Users\A S U S\Downloads\Health Images\Images\376.png,The cabinet of the NPP government has been appointed recently.  A  lot of misleading posts being spread on social media about it. This is our search for some such misleading image comparisons.,Comparing Sri Lanka’s 2024 Cabinet with Previous Administrations: Misleading Social Media Post Confuses Past and Present Images,11/19/2024,0
ID0377,C:\Users\A S U S\Downloads\Health Images\Images\376.png,"Social media influencer Ashen Seneviratne has spurred many interactions on social media circles related to the recently concluded 2024 General Elections. Despite failing to run for the general election this year, Ashen expressed his support for an independent group contesting from the Colombo district under the symbol of a bunch of keys. During the result phase, many were curious about the number of votes obtained by this Independent Group backed by Ashen. ",The Independent Group With Ashen’s Support Managed Only 8 Votes? Find Out the facts…,11/18/2024,0
ID0378,C:\Users\A S U S\Downloads\Health Images\Images\378.png,"For the first time in history, in the 2024 parliamentary election, a single party was able to win a  majority of seats (over 150), which is by the National People’s Power.
This great victory was achieved by winning a total of 159 seats, with 141 seats with voting and 18 National list MP positions through the parliamentary election held on 14th November.
The total number of votes won by National People’s Power is 6,863,186 which is 61.56% of the total number of votes cast. This is also the highest percentage of votes obtained by a single party in a parliamentary election in the history of parliamentary elections in Sri Lanka since 1978. ",Overall results and special events of 2024 Parliamentary election!,11/18/2024,1
ID0379,C:\Users\A S U S\Downloads\Health Images\Images\379.png,"After the allocation of seats at the district level in a general election, many people’s attention is focused on how the 29 MPs in the national list will be allocated. ",How was the national list MP seats were divided in this year’s Parliamentary election?,11/18/2024,1
ID0380,C:\Users\A S U S\Downloads\Health Images\Images\380.png,"The polling of the 10th Parliamentary Election in Sri Lanka was held yesterday (14) and the official results of the polls have already received. The  results of all the districts have been received and the results of the postal votes for all the 22 districts have been released. During the release of election results many inaccurate information were shared through social media. Accordingly, we decided to do a fact check on them. ",Did the National People’s Power win postal votes in every district in Sri Lanka?,11/15/2024,1
ID0381,C:\Users\A S U S\Downloads\Health Images\Images\381.png,"From the beginning of the 2024 General Election results, it was evident that the NPP or Jathika Jana Balawegaya had managed to secure an overwhelming majority. As a result, several social media posts predicted the final seat allocation of NPP, while some overestimated the final count.  ",False Image Viral As Seat Allocation of General Election 2024! Find out the facts…,11/15/2024,0
ID0382,C:\Users\A S U S\Downloads\Health Images\Images\382.png,"Public gatherings for viewing election results, including outdoor screenings, have been banned, with citizens urged to stay home. The Election Commission (EC) announced that police will enforce this restriction to prevent disturbances, confiscate equipment, and disperse crowds if necessary. People are also prohibited from lingering near polling stations or counting centres. ",Public Gatherings for Viewing Election Results Banned,11/13/2024,1
ID0383,C:\Users\A S U S\Downloads\Health Images\Images\383.png,Galleface was the centre of Aragalaya protests in 2022 which paved the way for the resignation of former president Gothabaya Rajapaksa.After that there have been lot of rumours about the Galleface and how governments manage this area.  ,Has the Cabinet banned political gatherings at Galle Face Green?,11/9/2024,1
ID0384,C:\Users\A S U S\Downloads\Health Images\Images\384.png,"At a time when there is a lot of talk about topics such as printing money, a series of posts circulated in social media showed that currency notes bearing the signature and the image of President Anura Kumara Dissanayake has been created. ",A 5000 rupee note with President Anura’s image circulating through social media?,11/4/2024,0
ID0385,C:\Users\A S U S\Downloads\Health Images\Images\385.png,"The photos and videos of President Anura Kumara Dissanayake’s mother has attracted attention on social media since the presidential election. Meanwhile, there are many talks in social media regarding his mother being admitted to the hospital and president visiting her. Regarding this, a video was shared showing that his mother was brought to the Lanka Hospital by a plane. Below is a fact check we did regarding that. ",Did President’s Anura Kumara’s mother arrive at the hospital by a plane? ,12/23/2024,0
ID0386,C:\Users\A S U S\Downloads\Health Images\Images\386.png,"Unauthorized articles and social media posts are often published with misleading, false, or fabricated information, targeting public figures. Below is an investigation we conducted to find the accuracy of a purported computer theft that happened over a decade ago, linking to the Deputy Minister of Digital Economy. ",Viral Claims Against Deputy Minister Eranga Weerarathne Prove Baseless!,12/19/2024,0
ID0387,C:\Users\A S U S\Downloads\Health Images\Images\387.png,Sri Lanka`s President AKD is currently on a state visit to India . Many misleading claims are being spread about his visit and how the Indian government is treating him.,Did India Display Disrespect Towards Sri Lankan President AKD During His Meeting with Indian Foreign Minister Jaishankar?,12/17/2024,0
ID0388,C:\Users\A S U S\Downloads\Health Images\Images\388.png,"After the NPP government came to power in September, many misleading social media posts targeted them. Some such posts are misleading. ","No, President AKD  Has Not Announced Rs. 50,000 for Each Household or Rs. 100,000 Grants for Individuals Over 18",12/16/2024,0
ID0389,C:\Users\A S U S\Downloads\Health Images\Images\389.png,"In Sri Lanka, there have been many discussions about the PhD degrees in the last week due to the fake phD allegations targeting the speaker of parliament. This fact check concerns similar allegations against the prime minister of the government. ",Did Prime Minister Dr. Harini Amarasuriya Not Complete Her PhD?,12/14/2024,0
ID0390,C:\Users\A S U S\Downloads\Health Images\Images\390.png,"Recently, news headlines were created based on the fact that the previous government gave more than 300 bar licenses within this year. However, some misleading social media posts surrounding this being circulated currently. ",Rumours About Cancellation of 361 Bar Licenses Issued by the Previous Government Are Misleading,12/10/2024,0
ID0391,C:\Users\A S U S\Downloads\Health Images\Images\391.png,"While TikTok, targeted by the U.S. government over national security concerns, faces a ban unless its owner ByteDance sells it, a claim that the app has already been bought and acquired by Donald Trump was widely shared, but Fact Crescendo has debunked the claim and found the claim is not true. ",Did Donald Trump Buy TikTok?,1/21/2025,0
ID0392,C:\Users\A S U S\Downloads\Health Images\Images\392.png,"In the last months, after the current government was appointed, there was a lot of discussion in the society and on social media regarding the printing of money. Before this heat subsides, photos are being published on social media claiming to be new notes, and we have taken steps to investigate to find the truth regarding this.",New currency notes printed by the Central Bank after the appointment of the current government?,1/20/2025,0
ID0393,C:\Users\A S U S\Downloads\Health Images\Images\393.png,"The security provided to MPs and the former president has become a major topic these days after the murders of Sanjeeva Kumara Samararathne, aka ‘Ganemulla Sanjeeva’, and Aruna Widanagamage also known as ‘Kajja’. Here is an investigation we did on the misleading posts circulated regarding this. ",Were Mahinda Rajapaksa’s dismissed bodyguards called back to duty? A decision to provide security to all MPs?,2/26/2025,0
ID0394,C:\Users\A S U S\Downloads\Health Images\Images\394.png,"With the murder of Aruna Widanagama, who was popularly known as ‘Kajja’, a photo was shared in social media stating that it was taken when he worked as the driver of Mr. Namal Rajapaksa. He is also said to have disclosed controversial information regarding the Rajapaksa family. This is an investigation we did to find the accuracy of these facts. ",A photo of Namal Rajapaksa with ‘Kajja’?,2/24/2025,0
ID0395,C:\Users\A S U S\Downloads\Health Images\Images\395.png,"The NPP government presented its first budget to the parliament yesterday (February 17 ). Social media users are actively discussing the budget. However, some of their discussions are misleading. This is our investigation into such a scenario. ","Did the government increase the salaries of state employees from 20,000 LKR?",2/18/2025,0
ID0396,C:\Users\A S U S\Downloads\Health Images\Images\396.png,"Many news regarding the former President Mahinda Rajapaksa surfaces from time to time and in the last few days there were multiple news regarding the disconnection of the water supply at his official residence. Therefore, we decided to investigate regarding that. ",Was the water supply disconnected at the official residence of former President Mahinda Rajapaksa?,2/18/2025,0
ID0397,C:\Users\A S U S\Downloads\Health Images\Images\397.png,"Many people are criticizing President Anura Kumara and his government based on the statements made by him before he came to power, and some people are paying close attention to those. As a result, false and misleading information are circulating on social media. Below is a fact check we conducted to find the truth about a video which was published in such a misleading manner. ",How did President Anura Kumara go to Jaffna?,2/4/2025,0
ID0398,C:\Users\A S U S\Downloads\Health Images\Images\398.png,The political party Janatha Vimukthi Peramuna (JVP) and its activities during the 1988/89 period are mostly discussed facts through social networks. Such a social media post including a photo was circulated on social media for some time stating that it is a photograph taken of the JVP general secretary Tilvin Silva in the 1988/89 period. Here is an investigation we did regarding that. ,Is this an instance of Tilvin Silva torturing a young man during the 88/89 period?,3/20/2025,0
ID0399,C:\Users\A S U S\Downloads\Health Images\Images\399.png,"The Ministry of Agriculture announced that a national census of four groups of wild animals that cause damage to agricultural crops will be held on March 15th, and various opinions are being expressed on social media regarding this.
However, misleading facts are being shared on the cost spent to print th census papers related to this wildlife census, and so we decided to a fact check regarding that.",Did the Wildlife Damage Census Cost 70 Million in Printing Expenses?,3/17/2025,0
ID0400,C:\Users\A S U S\Downloads\Health Images\Images\400.png,"Several advertisements have been going viral lately, claiming that the government offers lifetime financial payments to individuals aged 35 and above. Another viral dubious message claimed that PM Harini Wickremasinghe had mentioned of extremely high return passive income options sponsored by the government.
Both these posts however, have several red flags and encourages users to click on a link to receive the payment, raising concerns about potential fraud. ",Government Is NOT Offering Lifetime Payments Or High Return Passive Income Options! Beware of Scammers…,3/11/2025,0
ID0401,C:\Users\A S U S\Downloads\Health Images\Images\401.png,A viral claim accompanying a video implied that a Minister from the National People’s Power used obscene words in the parliament during the budget debate. Here is an investigation we conducted regarding that. ,NPP Minister using obscene words during the budget debate? Find out the facts..,3/3/2025,0
ID0402,C:\Users\A S U S\Downloads\Health Images\Images\402.png,"A set of photos of luxury buses went viral, implying that they were newly purchased with many praises for the recently formed NPP Government. However, our investigation confirms that these buses were purchased in 2019.  ",New Fleet of Luxury Buses for SLTB?,4/26/2025,0
ID0403,C:\Users\A S U S\Downloads\Health Images\Images\403.png,"After President Donald Trump imposed higher tariff rates on goods imported from countries into the United States, a video surfaced on social media showing him being slapped on the back of the head by a man during a speech. ",Altered Video Clip Shows Trump Being Slapped on Stage,4/18/2025,0
ID0404,C:\Users\A S U S\Downloads\Health Images\Images\404.png,"A viral social media post claiming to be a letter from Mexican President Claudia Sheinbaum to Donald Trump and Elon Musk about the border wall has been circulating widely online. The alleged letter, which includes sarcastic comments about American geography and threatens a global economic boycott, has caught significant attention",Viral “Letter” from Mexican President Sheinbaum to Trump and Musk is Fake,4/10/2025,0
ID0405,C:\Users\A S U S\Downloads\Health Images\Images\405.png,"A video of a VIP security convoy was widely circulated on social media, indicating that even though the current government has rejected VIP vehicles, they are now receiving VIP security. Below is an investigation we conducted to determine the accuracy of this. ",A VIP security convoy to escort Anura Kumara?,4/8/2025,0
ID0406,C:\Users\A S U S\Downloads\Health Images\Images\406.png,"Recently, the mainstream media in Sri Lanka reported that the Adani Group is interested in re acquiring the US $1 billion worth Mannar Wind Power Plant project. They also reported that a bilateral agreement has been reached between the Government of Sri Lanka and Adani Green Energy to purchase electricity from the Adani Wind Power Project in Mannar at a rate of approximately $7 cents per kilowatt hour. We decided to do a fact check regarding this. ",Did Adani Company and the Sri Lankan government agree again for a price revision for the suspended wind power project?,4/3/3035,0
ID0407,C:\Users\A S U S\Downloads\Health Images\Images\407.png,"As political parties prepare for the upcoming local government elections, misleading information about political parties and leaders are being published on social media. This is an investigation we did to find the accuracy of a post that was published in a misleading manner. ",Has Ravi Karunanayake left the UNP and joined the SJB for the local government elections?,4/3/2025,0
ID0408,C:\Users\A S U S\Downloads\Health Images\Images\408.png,"News that former Minister Basil Rajapaksa had failed to appear before the Matara Magistrate’s Court on May 23rd, citing an accident involving a fall from a chair, created quite a stir among social media users.
As a result, a photo purported to be a recent image of Basil Rajapaksa in a hospital bed went viral. ",Viral Photo of Basil Rajapaksa In Hospital Bed is Not Recent !,5/28/2025,0
ID0409,C:\Users\A S U S\Downloads\Health Images\Images\409.png,"Many people are paying close attention to electricity tariff revisions these days, as the International Monetary Fund has announced that the electricity sector must be cost-reflective before the next loan installment is released. ",Did the chairman of the Electricity Board submit his resignation letter after being scolded by Tilvin Silva?,5/14/2025,0
ID0410,C:\Users\A S U S\Downloads\Health Images\Images\410.png,Below is our investigation into a misleading post circulated on social media stating that schools will be given holidays for the local government elections. ,A fake news stating that all schools will be closed on the 7th !,5/6/2025,0
ID0411,C:\Users\A S U S\Downloads\Health Images\Images\411.png,"The Local Government Election which was scheduled to be held in March 2023 was postponed several times due to funding constraints, logistical challenges, and political resistance . After the Supreme Court in August 2024 ruled that the government had violated the fundamental rights of citizens by delaying the vote, new nominations were accepted for the local government elections between March 17 and 20, 2025. ",Things you need to know about the local government elections.,5/5/2025,1
ID0412,C:\Users\A S U S\Downloads\Health Images\Images\412.png,International Workers’ Day has become a tool for politicians to conduct their campaigns and stabilise their power rather than to celebrate the service done by the workers. This year’s International Workers’ Day is even more special because it fell only a handful of days before the local government elections.,Footage from NPP May Day rally? Find out the facts…,5/5/2025,0
ID0413,C:\Users\A S U S\Downloads\Health Images\Images\413.png,Social media users are frequently exposed to posts promoting investment schemes that promise extraordinary returns—often featuring well-known public figures. But do these schemes actually deliver what they claim? Factcrescendo investigated the truth behind these viral posts.,Viral AI-Generated Video Falsely Claims President Anura Endorsed Investment Plan,6/19/2025,0
ID0414,C:\Users\A S U S\Downloads\Health Images\Images\414.png,Social media users are frequently exposed to posts promoting investment schemes that promise extraordinary returns—often featuring well-known public figures. But do these schemes actually deliver what they claim? Factcrescendo investigated the truth behind these viral posts.,Altered Image of President Anura Meeting German President Uses Real Background Photo,6/16/2025,0
ID0415,C:\Users\A S U S\Downloads\Health Images\Images\415.png,"The Colombo Municipal Council (CMC) is among the most prominent and influential local government institutions, which consistently attracts the attention of the public. With the appointment of Ms. Vraie Cally Balthazaar from the National People’s Power (NPP) party as the mayor of the Colombo Municipal Council, viral claims questioned why the CMC building was being renovated, with some linking this move with the new Mayor. Let’s look at the claim first.",The renovations of the official residence of the Colombo Mayor are done for the filming of an Indian movie!,7/11/2025,0
ID0416,C:\Users\A S U S\Downloads\Health Images\Images\416.png,"Recent viral social media posts claim that King Charles III called for the elimination of national borders during a state banquet with French President Emmanuel Macron in July 2025. After examining the evidence, we find this claim to be misleading",King Charles III Did Not Call For Eliminating National Borders,7/11/2025,0
ID0417,C:\Users\A S U S\Downloads\Health Images\Images\417.png,"A social media post features what appears to be a Daily Mail headline stating that the UK Government is “considering banning the England flag from being displayed in public.” The widely-circulated image shows Prime Minister Keir Starmer alongside the St George’s Cross. This post has generated significant discussion online. Our investigation indicates that the headline does not correspond to any actual Daily Mail article, and there is no evidence supporting the claim. ",UK Government is NOT considering a ban on public display of England flags,8/28/2025,0
ID0418,C:\Users\A S U S\Downloads\Health Images\Images\418.png,"With the arrest of former President Ranil Wickremesinghe, there have been social media posts claiming that certain government factions, displeased by this, have submitted resignation letters to the President. Let’s look at some of these social media claims. ","Have PM & Western Province Governor Submitted Resignation Letters, After Ranil’s Arrest? Find out the facts…",8/26/2025,0
ID0419,C:\Users\A S U S\Downloads\Health Images\Images\419.png,"Former President Ranil Wickremesinghe, who was arrested on the 22nd and later transferred from Prison Hospital to Colombo National Hospital, is currently receiving treatment in the intensive care unit. ",Did PM Harini visit Ranil Wickremesinghe at General Hospital?,8/25/2025,0
ID0420,C:\Users\A S U S\Downloads\Health Images\Images\420.png,"The former President Ranil Wickremesinghe, who was taken into custody by the Criminal Investigation Department, was later hospitalised, citing several complications. A viral video clip claiming to be scenes of the former President being hospitalised created a lot of stir on social media platforms. Let’s look at the video in detail. ",Scenes of Ranil Wickremasinghe Being Transferred to the ICU? Find out the facts…,8/24/2025,0
ID0421,C:\Users\A S U S\Downloads\Health Images\Images\421.png,"Former President Ranil Wickremasinghe will go down in history as the first executive President in Sri Lanka who was arrested. However, as the court ruling on whether he would be granted bail or would remain under arrest until the next hearing dragged on, many mainstream news reports and social media posts stated that Mr. Wickremasinghe had been released on bail. ",Was Ranil Wickremesinghe granted bail?,8/24/2025,0
ID0422,C:\Users\A S U S\Downloads\Health Images\Images\422.png,"A Group of supporters from the Anuradhapura region recently visited former president Mahinda Rajapaksa at his Wijerama residence. Most of them brought different food items, and a discussion arose on social media as to whether these were discarded for security concerns. Let’s look at some of the viral posts. ",Misleading Posts Linked With Recent Visitors To Mahinda Rajapaksa’s Residence in Colombo,8/22/2025,0
ID0423,C:\Users\A S U S\Downloads\Health Images\Images\423.png,"Knowingly or unknowingly, the data presented by certain political figures to criticize the government is sometimes inaccurate. As a result, society is easily misled by it. This is a fact-check we conducted to verify a report published stating that the government has printed Rs. 1.22 trillion in currency. ","No, the Government Did Not Print Rs. 1.22 Trillion Since October 2024",8/22/2025,0
ID0424,C:\Users\A S U S\Downloads\Health Images\Images\424.png,"Following the August 15, 2025 summit between U.S. President Donald Trump and Russian President Vladimir Putin in Anchorage, Alaska, a wave of conspiracy theories spread online. Posts and videos claimed that the Putin who appeared at the meeting was not the real Russian leader but a body double, pointing to perceived differences in facial structure, smiling behavior, and walking style. While such rumors have circulated for years about Putin, there is no credible evidence that a body double attended the Alaska summit ",Claim that Putin at the Alaska Summit Was a Body Double is Unfounded,8/21/2025,0
ID0425,C:\Users\A S U S\Downloads\Health Images\Images\425.png,"President Anura Kumara Dissanayake and his party, the NPP, made promises regarding reducing corruption and waste, even before the election cycle. They had also criticised former presidents, in particular, for using more than one helicopter for long-distance travelling.  ",Footage of President Anura using the Presidential Helicopter Fleet? Find out the truth…,8/16/2025,0
ID0426,C:\Users\A S U S\Downloads\Health Images\Images\426.png,Politicians often make statements that contain misleading or exaggerated information. Here is a fact check we conducted regarding a statement made by one of the NPP parliamentarians during a televised media discussion,Clarification on Misleading Claim of Sinopec Agreements with Sri Lanka!,8/4/2025,0
ID0427,C:\Users\A S U S\Downloads\Health Images\Images\427.png,"Recently, President Anura Kumara Dissanayake attended the 80th session of the United Nations General Assembly. Meanwhile, a video was shared through social media paltforms, claiming to be President Anura Kumara, in a relaxing mood. However, our investigation found that it was a case of mistaken identity; the person in the video was not the Sri Lanka president. ",This Viral Video Misidentifies President Anura Kumara!,9/29/2025,0
ID0428,C:\Users\A S U S\Downloads\Health Images\Images\428.png,The President’s Entitlement (Repeal) Act and the curtailment of the privileges of former presidents have been a significant topic during the past few weeks on social media platforms. A series of viral posts claims that NPP MP Lakmali Hemachandra stated that laboratories for a thousand schools would be built with funds initially intended for former Presidents over the next year. Let’s look at the claim first. ,Fake statement attributed to MP Lakmali,9/22/2025,0
ID0429,C:\Users\A S U S\Downloads\Health Images\Images\429.png,Forged letterheads of recognised political parties continue to be a method often used by fake news peddlers to discredit certain individuals. Here is a fact-check regarding such a social media post. ,Was the party membership of the UNP municipal councillor Harshani Sandaruwani suspended?,9/20/2025,0
ID0430,C:\Users\A S U S\Downloads\Health Images\Images\430.png,"A recent wave of viral Facebook posts claims that the Ministry of Education was able to save a significant portion of the funds allocated to the ministry. Shared as a statement attributed to PM Harini, these posts had raised many red flags. We decided to check the facts. ",A Statement from PM Harini on the Ministry of Education saving two-thirds from the 2024 budget? Find out the facts…,9/19/2025,0
ID0431,C:\Users\A S U S\Downloads\Health Images\Images\431.png,"Following the passage of the President’s Entitlement (Repeal) Act in parliament, social media platforms were abuzz with discussions about former presidents. Hema Premadasa, the wife of the late former president Ranasinghe Premadasa, was also not spared—a forged letter claimed that she had requested a house to stay in Colombo. Let’s look at the claim first. ",Fake Letter Viral As Hema Premadasa requesting a house in Colombo!,9/18/2025,0
ID0432,C:\Users\A S U S\Downloads\Health Images\Images\432.png,"Soon after the passing of the President’s Entitlement (Repeal) Act, which abolished special privileges provided to former presidents, former President Mahinda Rajapaksa left his official residence in Colombo for his Tangalle residence. ",Has Former President Mahinda Rajapaksa Returned Back to Colombo?,9/18/2025,0
ID0433,C:\Users\A S U S\Downloads\Health Images\Images\433.png,"On the 4th, a bus fell into a 1000-foot-deep ravine near the 24th milepost on the Ella-Wellawaya Road, killing 15 people. At the time, Dr. Palitha Rajapaksa risked his own life to save the lives of the injured. However, a social media post was circulated stating that a disciplinary investigation will be conducted against Dr. Palitha Rajapaksa, who acted despite the risk to his life during the horrific accident that took place in the Ella area.",No Disciplinary Action Against Dr. Palitha Rajapaksa for Ella Accident Response,9/11/2025,0
ID0434,C:\Users\A S U S\Downloads\Health Images\Images\434.png,"Fake documents prepared using specific letterheads, names of officials and signatures of various recognized institutions, organization and union federations in the country are widely circulated through social media. This is an investigation into a letter circulating on social media that purports to be an official letter of the United National Party. ",Is the Anniversary Celebration of UNP Postponed?  ,9/9/2025,0
ID0435,C:\Users\A S U S\Downloads\Health Images\Images\435.png,"Social media posts containing information regarding famous figures are regularly shared through social media platforms. It is also common to see misleading posts regarding these famous figures being rapidly shared across these platforms. Accordingly, this is a fact-check of a post that is currently circulating on social media regarding the South Indian film actor Thalapathy Vijay. ",Did President Anura Kumara Dissanayake issued a ban on Thalapathy Vijay’s films?,9/2/2025,0
ID0436,C:\Users\A S U S\Downloads\Health Images\Images\436.png,"Constant discussions have been circulating stating that money have been newly printed and distributed under the current government. In each case, what has happened is not printing money but releasing money from the Central Bank’s cash reserves to the circulation in the country. Meanwhile, a misleading social media post was recently shared on social media regarding the issuance of a commemorative banknote with the President’s signature by the Central Bank. Here is a fact-check we conducted regarding it. ",What is the currency note that was issued with the signature of the President?,9/2/2025,0
ID0437,C:\Users\A S U S\Downloads\Health Images\Images\437.png,"In June 2025, President Anura Kumara Dissanayake visited Germany, and many posts about the visit were published on social media. Meanwhile, a post on social media indicated that President Dissanayake did not travel to Germany for a state visit, confirmed by the German Federal Foreign Office. We did a fact-check to confirm the credibility of this post. ","Is President Dissanayake’s visit to Germany, not an Official State Visit?",10/21/2025,0
ID0438,C:\Users\A S U S\Downloads\Health Images\Images\438.png,"A video circulated, stating, “Congratulations to the newly appointed Deputy Minister of Buddhist and Cultural Affairs, Mr. Mohamed Munir!” implying that the person in the video was indeed the Deputy Minister, Mohamed Munir. ","No, the person in the video is not Deputy Minister M.M. Mohamed Muneer",10/14/2025,0
ID0439,C:\Users\A S U S\Downloads\Health Images\Images\439.png,"One of the viral claims that gained significant traction after the cabinet reshuffle on October 10 was that a Muslim national, Mr Mohamed Muneer, had taken the oath as the deputy minister of Buddha Sasana. ",Did Mohamed Muneer take the oath as Deputy Minister of Buddha Sasana?,10/11/2025,0
ID0440,C:\Users\A S U S\Downloads\Health Images\Images\440.png,"Recently, a heated debate erupted on social media platforms regarding the President’s budget for 2026. This was mainly, becuase a series of posts went viral, stating that the President’s budget had increased threefold compared to the 2025 budget","Is the Proposed Presidential Expenditure for 2026, a threefold increase compared to 2025?",10/10/2025,0
ID0441,C:\Users\A S U S\Downloads\Health Images\Images\441.png,"A series of posts, stating several controversial statements and purporting to be decisions made by the Ministry of Education, recently went viral on social media. ",Government To Distribute Free Condoms to School Children? Find out facts…,10/7/2025,0
ID0442,C:\Users\A S U S\Downloads\Health Images\Images\442.png,"A controversial statement, falsely attributed to Minister of Health Nalinda Jayatissa, regarding street dogs, has recently gone viral on social media circles. ",Cabinet Has NOT Decided to Export Street Dogs for Meat!,10/7/2025,0
ID0443,C:\Users\A S U S\Downloads\Health Images\Images\443.png,"President Anura Kumara Dissanayake, who attended the UN General Assembly held in the United States, then departed for Japan for a three-day official visit. Many posts questioned the significance of this visit, citing that the Japanese PM had already stepped down, hence the bilateral discussions would be futile.  ",President Anura Kumara’s Visit During Japan’s Prime Ministerial Transition,10/4/2025,0
ID0444,C:\Users\A S U S\Downloads\Health Images\Images\444.png,Several viral claims related to the 80th Session of the United Nations General Assembly (UNGA) linked to Sri Lankan President Anura Kumara Dissanayake and US President Donald Trump.,Find Out The Truth Behind The Photos of President Dissanayake with Donald Trump at UNGA!,10/1/2025,0
ID0445,C:\Users\A S U S\Downloads\Health Images\Images\445.png,"Some social media pages and media outlets reported that Rs. 12,500 million has been allocated in the 2026 budget proposal to provide vehicles for Ministers at Parliament. ","Has Rs. 12,500 million been allocated from the budget to provide vehicles for MPs?",11/12/2025,0
ID0446,C:\Users\A S U S\Downloads\Health Images\Images\446.png,"In light of many political objectives, past incidents, especially those related to major court cases, are often presented with twisted plots that imply they are recent events. Below is an investigation we conducted into one such post regarding the Avant-Garde case. ",A series of misleading posts implying that Gotabhaya and Senadhipathi were acquitted of the Avant Garde case recently!,11/10/2025,0
ID0447,C:\Users\A S U S\Downloads\Health Images\Images\447.png,Many social media posts and news regarding the NPP MP Nilanthi Kottahachchi are circulating through social media platforms from time to time. Below is an investigation we conducted regarding a recent claim based on a viral image. ,The Woman Bowing to Former President Mahinda Rajapaksa is NOT NPP MP Nilanthi Kottahachchi,11/10/2025,0
ID0448,C:\Users\A S U S\Downloads\Health Images\Images\448.png,"Various photo and video edits are frequently shared on social media to attack political opponents, and nowadays, Artificial Intelligence is used more often. ","Old Images Fabricated Using AI, Targeting Namal Rajapaksa & President Anura",11/10/2025,0
ID0449,C:\Users\A S U S\Downloads\Health Images\Images\449.png,"Minister Bimal Ratnayake stated that lands in the Northern Province acquired by the government for security purposes will not be released with the aim of gaining political advantages.
He made these remarks during the Jaffna District Development Committee meeting held yesterday (18).
The meeting had taken a heated turn with an exchange of words between MP S. Sridharan and Minister Bimal Rathnayake regarding the land related issues. ",Lands in Northern Province will not be released for political gains – Minister Bimal,9/19/2025,1
ID0450,C:\Users\A S U S\Downloads\Health Images\Images\450.png,"The National Organiser of the Sri Lanka Podujana Peramuna (SLPP) Parliamentarian Namal Rajapaksa has met with Indian High Commissioner in Colombo Santosh Jha at the India House this afternoon (16).
During the meeting, both parties discussed on-going developments in India and Sri Lanka, High Commissioner Jha stated.
Following the meeting, MP Rajapaksa stated that the SLPP greatly values the longstanding friendship and strong bilateral ties with India. ",Namal meets Indian High Commissioner to discuss on-going political developments,9/16/2025,1
ID0451,C:\Users\A S U S\Downloads\Health Images\Images\451.png,"The first round of Political Consultations between Sri Lanka and Italy, co-chaired by Deputy Minister of Foreign Affairs and Foreign Employment Arun Hemachandra and Italy’s Deputy Minister for Foreign Affairs and International Cooperation Maria Tripodi, successfully concluded today (04) at the Ministry of Foreign Affairs, Foreign Employment and Tourism in Colombo. 
The Memorandum of Understanding on the Establishment of a Political Consultations Mechanism was signed by the two Deputy Ministers before commencing the Consultations, providing a formal, structured framework for dialogue between the two countries, according to the Ministry of Foreign Affairs, Foreign Employment and Tourism.
The Italian Deputy Minister also called on and had productive discussions with Prime Minister Dr. Harini Amarasuriya and Minister of Foreign Affairs, Foreign Employment, and Tourism, Vijitha Herath. ",Sri Lanka and Italy sign MoU on political consultations mechanism,9/4/2025,1
ID0452,C:\Users\A S U S\Downloads\Health Images\Images\452.png,"At least 25 people were killed in three attacks in Pakistan on Tuesday, officials said, including 14 who died after a suicide bomber targeted a political rally in the southwestern province of Balochistan.
Dozens of people were wounded in that explosion, which took place in the parking lot of a stadium in the provincial capital, Quetta, where hundreds of members of the Balochistan National Party (BNP) had gathered, two provincial officials said, speaking on condition of anonymity.
At least seven of the wounded were in critical condition, the officials said.
Another attack in Balochistan, near the border with Iran, claimed five lives on Tuesday, while six soldiers were killed after a suicide attack on their base in Khyber Pakhtunkhwa province.
Balochistan is Pakistan’s largest and most resource-rich province, but also its poorest, and regularly ranks among the lowest on human development indicator scorecards. "," At least 25 killed in Pakistan attacks, including 14 at political rally",9/3/2025,1
ID0453,C:\Users\A S U S\Downloads\Health Images\Images\453.png,"President Anura Kumara Dissanayake stated that his government is committed to establishing a culture where everyone is treated equally before the law.
He made these remarks while attending the National Bhikkhu Day commemoration held in Colombo today (26).
The President emphasized that individuals involved in crimes, corruption, abuse of power, or the misappropriation of public funds will be held accountable, regardless of their social or political standing.
“Everyone should be equal before the law. We are committed to creating such a culture. Wealth, power, position, history, or the status of once being a monarch—none of these matter. Everyone is equal before the law,” the President said. ","Not revenge or political witch-hunt, everyone is equal before the law – President",8/26/2025,1
ID0454,C:\Users\A S U S\Downloads\Health Images\Images\454.png,"Representatives of several opposition political parties are currently holding a special press conference in Colombo in relation with the arrest of former President Ranil Wickremesinghe, who is presently in remand custody. ",Opposition political parties’ special press conference,8/24/2025,1
ID0455,C:\Users\A S U S\Downloads\Health Images\Images\455.png,"The National Election Commission (EC) states that interviews for new political parties applying for registration for the year 2025 have commenced.
Commissioner-General of Elections Saman Sri Ratnayake noted that 47 political parties have been selected for preliminary interviews.
Applications for registering political parties for this year were called in February, during which a total of 83 applications were submitted. ","Interviews begin to register new political parties, 47 shortlisted",8/19/2025,1
ID0456,C:\Users\A S U S\Downloads\Health Images\Images\456.png,"The present government is revoking the privileges of former presidents out of a sense of revenge rather than real policy, according to former President Mahinda Rajapaksa.
The former President made this statement in response to a question posed by journalists after attending an event held in Colombo.
Further expressing his views, former President Mahinda Rajapaksa said:
“The greatest privilege we had was what the people gave us. As long as that exists, there’s no issue if any official privilege is taken away.”
When asked about his preferred choice, former President Rajapaksa said he will pick Medamulana over Wijerama any day.
On July 31, the Presidents’ Entitlements (Repeal) Bill was gazetted. ","Revoking privileges of Ex- Presidents, more about political revenge than policy: MR",8/6/2025,1
ID0457,C:\Users\A S U S\Downloads\Health Images\Images\457.png,"Prime Minister Dr. Harini Amarasuriya says that her expectation is not only to have women elected as political representatives but also to empower women in grassroots-level political activism. She pointed out that the election of twenty women from her party to the Tenth Parliament is the result of a sustained initiative to empower women in politics, and that the objective of the Women Parliamentarians’ Caucus is to continue that effort beyond party divisions.
The Prime Minister expressed these views at a meeting held in Parliament of the Women Parliamentarians’ Caucus chaired by Minister of Women and Child Affairs Saroja Savithri Paulraj. ",“Should empower women in grassroots-level political activism”: PM Harini,7/31/2025,1
ID0458,C:\Users\A S U S\Downloads\Health Images\Images\458.png,"A 24-member youth delegation of political leaders from Sri Lanka is currently in India for a two-week long programme, according to the Ministry of External Affairs of India.
Accordingly, members of 14 political parties of Sri Lanka have called on Foreign Secretary of India Vikram Misri.
During the meeting, the Indian Foreign Secretary has emphasised their valuable role in deepening the Indo-Sri Lanka partnership as stakeholders in its future roadmap.
Discussions have also been held on regional geopolitical trends and security agreements signed between India and Sri Lanka.",Youth political delegates in India for two-week programme,7/16/2025,1
ID0459,C:\Users\A S U S\Downloads\Health Images\Images\459.png,"A religious party has quit Israel’s ruling coalition in a dispute over military service, leaving Prime Minister Benjamin Netanyahu with a razor-thin majority in parliament but still enough political support to secure a potential Gaza ceasefire.
Six members of United Torah Judaism (UTJ) handed in resignation letters overnight from posts in parliamentary committees and government ministries, in protest against lawmakers’ failure to guarantee future exemption from military conscription for ultra-Orthodox religious students.
Shas, a second ultra-Orthodox party closely allied with UTJ, may follow and leave the government with no parliament majority.
The UTJ lawmakers said their walkout would come into effect after 48 hours, giving Netanyahu two days to try and resolve the crisis which has dogged his coalition for months. ",Netanyahu under mounting political pressure after party quits,7/15/2025,1
ID0460,C:\Users\A S U S\Downloads\Health Images\Images\460.png,"Sri Lanka and Pakistan have held discussions to improve social, economic, educational, and political ties between the two nations. 
Discussions were held during a meeting between the High Commissioner of Pakistan to Sri Lanka, Major General (Retd) Faheem Ul Aziz HI and the Minister of Health and Mass Media, Dr. Nalinda Jayatissa in Colombo. 
In a Facebook post, Minister Dr. Nalinda Jayatissa noted, “We also talked about ways to improve cooperation in health, indigenous medicine, tourism, and medical tourism.” 
They have also discussed the possibility of launching joint media programs featuring cultural content from both countries, as well as the exchange of TV dramas and shows between the two nations.","Sri Lanka-Pakistan discuss ways to improve economic, educational, and political ties",7/8/2025,1
ID0461,C:\Users\A S U S\Downloads\Health Images\Images\461.png,"US President Donald Trump has hit out at former close ally Elon Musk over the multi-billionaire’s plan to launch a new political party.
“I think it’s ridiculous to start a third party,” said Trump, speaking to reporters on Sunday before boarding Air Force One. “It’s always been a two-party system and I think starting a third party just adds to the confusion.”
After teasing the idea for weeks, Musk posted on X over the weekend that he had set up the America Party to challenge the Republican and Democratic “Uniparty”.
Trump and Musk were formerly close allies, with the Tesla boss leading the Department of Government Efficiency (Doge), which is tasked with helping to cut federal spending.
Musk has repeatedly criticised government policies that increase the US national debt.
On Sunday, he said that while the new party may back a presidential candidate at some point “the focus for the next 12 months is on the House and the Senate.” ",Trump calls Musk’s new political party ‘ridiculous’,7/7/2025,1
ID0462,C:\Users\A S U S\Downloads\Health Images\Images\462.png,"Suspended Inspector General of Police (IGP) Deshabandu Tennakoon today stated that he had no reason to be involved in the shooting at the W15 Hotel in Weligama, Matara and claimed that all allegations against him are politically motivated.
He made these remarks while testifying for the first time before the Parliamentary Committee currently investigating his conduct.
The Parliamentary Committee examining the actions of the suspended IGP convened today for the 10th time at the Parliament complex.
This marks the first appearance of Tennakoon before the committee to provide evidence in connection with the allegations leveled against him. ","Deshabandu denies involvement in Weligama hotel shooting, claims allegations politically motivated",6/23/2025,1
ID0463,C:\Users\A S U S\Downloads\Health Images\Images\463.png,"All political parties and independent groups have been requested once again to promptly provide details of all elected members for local government bodies based on the results of the recently concluded election.
Chairman of the National Election Commission R.M.A.L. Rathnayake noted that once the relevant information is received, steps will be taken to publish the names of the elected members in the Gazette according to the respective local government bodies. ",Political parties and ind. groups requested once again to provide details of elected LG members,5/22/2025,1
ID0464,C:\Users\A S U S\Downloads\Health Images\Images\464.png,"The Election Commission of Sri Lanka has requested all political parties and independent groups to submit details of the members elected to local government institutions by the end of this week.
Chairman of the Election Commission R.M.A.L. Ratnayake stated that the names of the elected members will be gazetted as soon as the information is received from the respective parties and groups.
A formal written notice has been issued to all recognized political parties and independent groups outlining the procedure for nominating members in accordance with the number of seats won at the Local Government (LG) election held on May 6.
According to the Commission, political parties and independent groups must nominate their representatives to the respective local bodies within a week from the date of the notification. ",Political parties notified to submit LG member lists this week,5/15/2025,1
ID0465,C:\Users\A S U S\Downloads\Health Images\Images\465.png,". A total of 28 candidates and 111 political party supporters have been arrested in relation to complaints pertaining to the 2025 Local Government (LG) Election, Police said.
26 vehicles have also been taken into custody, since 3 March, according to the Police Media Division.
Arrests have been made based on 259 complaints in relation to flouting of election laws and 71 incidents of criminal nature.
Meanwhile, 22 complaints related to election law violations and six incidents of criminal acts have been reported during the past 24 hours that ended at 6am today, Police added.",LG Polls: Over 100 political party supporters arrested,4/26/2025,1
ID0466,C:\Users\A S U S\Downloads\Health Images\Images\466.png,"Sri Lanka Podujana Peramuna (SLPP) Member of Parliament Namal Rajapaksa says that politically driven delays in development projects in Sri Lanka resulted in an energy crisis that ultimately led to the country’s worst financial crisis.
Speaking during a special address themed “The South Asian Platter: Menu for Growth” at the ‘Rising Bharat’ Summit held in India today (April 8), Rajapaksa stressed that development efforts must be carried out without delay, highlighting the importance of acting when the moment demands it.
“We must implement and execute what has to be done at that given time.” 
“What we saw in the past couple of years—because we purely ignored certain development projects based on political reasons—for example, Sampur was supposed to be started in 2015, and similarly many other projects were delayed like Uma Oya from the Iranian funding—and as a result, in 2022 we faced an energy crisis that later turned into a financial crisis”, MP Rajapaksa stressed. ",Political delays in development projects led to Sri Lanka’s financial crisis: Namal says in India,4/8/2025,1
ID0467,C:\Users\A S U S\Downloads\Health Images\Images\467.png,"The 5th Round of Senior Officials Talks and the third Strategic Maritime Dialogue between Sri Lanka and Australia will take place from March 25 to March 26, 2025, at the Department of Foreign Affairs and Trade in Canberra, the Ministry of Foreign Affairs has announced.
The meetings will be co-chaired by Ms. Yasoja Gunasekera, Additional Secretary of the Ministry of Foreign Affairs, Foreign Employment, and Tourism of Sri Lanka, and Ms. Sarah Storey, First Assistant Secretary of the South and Central Asia Division at the Australian Department of Foreign Affairs and Trade.","Sri Lanka-Australia discussions to strengthen political, economic, and maritime ties",3/24/2025,1
ID0468,C:\Users\A S U S\Downloads\Health Images\Images\468.png,"An Israeli airstrike in southern Gaza’s Khan Younis killed Hamas political leader Salah al-Bardaweel, Hamas and Palestinian media reported in the early hours of Sunday.
Pro-Hamas media said the airstrike killed Bardaweel, who is a member of the group’s political office, and also killed his wife. Israeli officials had no immediate comment.
Israel resumed significant strikes on Gaza on Tuesday, blaming Hamas, abandoning a ceasefire agreement that began on January 19 and ending almost two months of calm.
Israeli Prime Minister Benjamin Netanyahu has repeatedly said the main aim of the war is to destroy Hamas as a military and governing entity. He has said the aim of the new campaign is to force the group to give up remaining hostages.
Hamas’ de facto government head Essam Addalees and internal security chief Mahmoud Abu Watfa were among those killed by Israeli strikes on Tuesday, in addition to several other officials.
Palestinian health officials said at least 400 people, more than half of them women and children, were killed on Tuesday. ",Israeli airstrike kills Hamas political leader in southern Gaza,3/23/2025,1
ID0469,C:\Users\A S U S\Downloads\Health Images\Images\469.png,"A total of 107 political parties and 49 independent groups have submitted their nominations for the 2025 Local Government Elections as of 4.15 p.m. yesterday (19), according to the Election Commission.
The accepting of nominations for the 2025 Local Government Elections commenced at district election offices on March 17 and concluded at 12 noon today (20).","LG Polls: Over 100 political parties, nearly 50 ind. groups submit nominations",3/20/2025,1
ID0470,C:\Users\A S U S\Downloads\Health Images\Images\470.png,"Prime Minister Dr. Harini Amarasuriya stated that the crises emerging within the education system are primarily due to the improper implementation of policies and political interference, and immediate actions will be taken to investigate the collection of funds in schools for various reasons.
The Prime Minister made these remarks at the Parliament in response to questions raised during the first session of the Advisory Committee of the Ministry of Education, Higher Education, and Vocational Education.
The prime Minister further stated that the education reforms scheduled to be implemented in 2026 will be based on five key pillars namely introducing a new curriculum, developing human resources, improving infrastructure facilities, raising public awareness of the new educational reforms, and conducting evaluations and assessments.",PM Harini vows action against political interference in education,3/9/2025,1
ID0471,C:\Users\A S U S\Downloads\Health Images\Images\471.png,"Sri Lanka Police state that none of the recent Officer-in-Charge (OIC) transfers took place due to political reasons.
Responding to an inquiry by Ada Derana, Police Media Spokesperson SSP Buddhika Manathunga explained that these transfers were carried out in a context where Police OICs had not been reassigned for a long time.
He further stated that the lack of performance by some officers was also a reason for the transfers.
“This has been an ongoing process. There have been no transfers for nearly three years. There is no political influence in this. Some officers have been reassigned to general duties, while others have been given good positions. No one can claim that there is politics involved. We will evaluate the performance of these transferred officers for a year. OICs cannot simply remain idle—they must fulfill their responsibilities. The National Police Commission has inquired about these transfers multiple times, and this has been done with their approval,” SSP Manatunga said","No political reasons behind recent OIC transfers, but inefficiency",12/2/2025,1
ID0472,C:\Users\A S U S\Downloads\Health Images\Images\472.png,"At the invitation of Chinese President Xi Jinping, Sri Lanka’s President Anura Kumara Dissanayake will pay a state visit to China from Jan. 14 to 17, Chinese foreign ministry spokesperson Hua Chunying announced during a press conference held in China on Friday (10).
The visit, the first one to China by President Dissanayake since taking office, is of great significance to the development of China-Sri Lanka relations, Guo Jiakun, also a spokesperson for the foreign ministry, told a news briefing on the same day.
During the visit, President Xi Jinping will hold talks with President Dissanayake. Premier Li Qiang and Chairman of the National People’s Congress Standing Committee Zhao Leji will meet with him respectively.",China ready to deepen political trust and strengthen ties during President Dissanayake’s visit,1/11/2025,1
ID0473,C:\Users\A S U S\Downloads\Health Images\Images\473.png,"President Anura Kumara Dissanayake emphasized that the challenge of giving the new year a new transformation lies squarely with the government.
Speaking at the launch of the ‘Clean Sri Lanka’ national initiative, the President highlighted that the entire political establishment is committed to meeting that challenge and added that the new year has begun with a new political culture.
“Starting any strong endeavor requires a very strong foundation,” President Dissanayake said, adding, “Our country, our nation, has lost its foundation. Therefore, we are completing the initial steps to a significant extent. We have prepared the necessary groundwork to restore this country—political authority, state machinery, the rule of law, respect and protection of the constitution, and the elimination of fraud and corruption. Now, we must take this foundation forward.”  
Meanwhile, the President underscored the need for state institutions to understand their responsibilities and support the government’s efforts","New year, new political culture: President Dissanayake outlines vision for Sri Lanka",1/1/2025,1
ID0474,C:\Users\A S U S\Downloads\Health Images\Images\474.png,"President Anura Kumara Dissanayake stated that with the political stability that has prevailed in the country today, an environment suitable for investment has been created.
He further emphasized that there will be no political influence in granting new investment opportunities, such as those based on political affiliations. The President assured that the Board of Investment of Sri Lanka (BOI) would be granted full autonomy to attract clean investments that are beneficial to the country.
The President made these remarks during a discussion held with senior officials of the BOI at the Presidential Secretariat in Colombo today (05), according to the President’s Media Division (PMD).",No political favoritism in granting new investment opportunities - President to BOI officials,12/5/2024,1
ID0475,C:\Users\A S U S\Downloads\Health Images\Images\475.png,"While traditional political parties are being fragmented, the only emerging political movement left in the country is ‘Sarvajana Balaya’, says its leader, Member of Parliament Dilith Jayaweera.
Addressing an event held today (01), MP Jayaweera said: “According to the results of the last election, the ‘Sarvajana Balaya’ has advanced by the highest percentage, while the Sri Lanka Podujana Peramuna (SLPP) has advanced by the lowest percentage.”
“The Podujana Peramuna used all their strength. The Pohottuwa [SLPP] was created solely to gather the necessary support to keep Basil Rajapaksa in politics. However, the Pohottuwa had no vision. Now that the American citizen has left the country, the mill is no longer turning.”",‘Sarvajana Balaya’ stands alone amid fragmenting traditional political parties - Dilith Jayaweera,12/1/2024,1
ID0476,C:\Users\A S U S\Downloads\Health Images\Images\476.png,"The Governor of the Central Bank of Sri Lanka (CBSL) Dr. Nandalal Weerasinghe says Sri Lanka’s economy is now in a much more stable position and that the present political stability is an important factor for long-term, sustainable economic development. 
“We lost both economic stability as well as political stability during last several years. We think about from that situation now. Obviously we are in a much more stable position in both fronts,” he said, speaking during the 59th Annual General Meeting of The Hotels Association of Sri Lanka (THASL).
The central bank chief said that firstly now the country has a political stability with the new president, new government and that a long period of political stability is one important necessary factor for any economic long-term, steady, sustainable economic development. ",Political stability an important factor for long-term economic growth – CBSL chief,11/29/2024,1
ID0477,C:\Users\A S U S\Downloads\Health Images\Images\477.png,"Ambika Samuel, the newly elected female representative to Parliament, has expressed confidence in the potential of the youth in plantation community and beyond to take an active role in politics. 
Speaking about her journey into politics, Samuel, the first female Tamil MP to have been elected through a major political party from the plantation community, emphasized that her entry into the political sphere is not just a personal achievement but a stepping stone for others, especially young people from the plantation sector, who she believes have been confined to outdated frameworks.
“I am the first to enter politics from here, and my brothers and sisters will undoubtedly follow. These are young individuals with immense talent and a genuine desire to serve the country. For too long, they have been trapped within certain limitations, but now that those barriers have been broken, we can expect a new wave of leadership emerging from the hill country and from other districts,” she added.",Plantation youth and women poised for political change: Newly elected MP Ambika Samuel,11/16/2024,1
ID0478,C:\Users\A S U S\Downloads\Health Images\Images\478.png,The Ministry of Education (MoE) announced the launch of an immediate investigation at the ministerial level regarding the inclusion of questions of a political nature in a school term exam paper,MoE launches probe into political party-related questions in school exam paper,11/12/2024,1
ID0479,C:\Users\A S U S\Downloads\Health Images\Images\479.png,"Acting Inspector General of Police (IGP) Priyantha Weerasooriya affirmed that law enforcement in Sri Lanka operates without political interference, following instructions from the current government to apply the law equally to all citizens.
Speaking at the inauguration of a new building at Chunnakam Police Station in Jaffna, Weerasooriya noted, 
“The government has informed me to ensure equal application of the law, and I have relayed this to all officials. After the last presidential election, no incidents of post-election violence were reported. This reflects a new culture in Sri Lanka and underscores the community’s support and the authority granted to us to enforce the law without bias.” ",Acting IGP asserts law enforcement free from political influence,11/10/2024,1
ID0480,C:\Users\A S U S\Downloads\Health Images\Images\480.png,"The leader of the ‘Sarvajana Balaya’ alliance, Gampaha District parliamentary candidate Dilith Jayaweera stated that the alliance has created an opportunity for the people to make the choice needed to bring about Sri Lanka’s desired political change.
Speaking this morning (09) at a public meeting in the Galle District, aspart of a series of campaign events for the upcoming general election, Jayaweera said, “It has taken us less than a year for this opportunity to arise. When we ran in the presidential election, we didn’t even know a single Grama Niladhari officer. Today, we have a large camp and a widespread network.”",Sarvajana Balaya’ offers path to desired political change in Sri Lanka – Dilith,11/9/2024,1
ID0481,C:\Users\A S U S\Downloads\Health Images\Images\481.png,"The Executive Director of the People’s Action for Free and Fair Elections (PAFFREL) Rohana Hettiarachchi says that despite 8,888 candidates vying for positions in this year’s General Election, fewer than 1,000 are actively campaigning, reflecting a notable decline in political engagement.
Hettiarachchi attributed this trend to a shifting public perception regarding the benefits of political involvement and a growing disillusionment with traditional party structures.
Furthermore, he mentioned that although nearly 600,000 regional party offices could technically be established to accommodate the voter base, only 9,291 regional party offices are currently operational, aligning with the low campaign turnout.
The PAFFREL Executive Director also stated that reports highlight the instances of public resource misuse and public property violations, while present, have not reached critical levels. 
However, 25 violent incidents have been documented thus far, although they have not escalated to a severe situation, according to Hettiarachchi","General Election sees low campaign turnout, declined political engagement - PAFFREL",11/7/2024,1
ID0482,C:\Users\A S U S\Downloads\Health Images\Images\482.png,"Sri Lanka’s Cabinet Spokesman and Foreign Minister Vijitha Herath says that certain officials appointed to the country’s Foreign Service on a political basis have been instructed to return to the island by December 01.
Addressing the Cabinet press briefing today (06), he claimed that the children and spouses of MPs and Ministers have also been directly appointed to positions below top diplomatic positions.
He declared that such appointments would not be made in the future.
“Individuals who were not part of the Foreign Service had been appointed as ambassadors and high commissioners to foreign nations. We have recalled 15 of them.” ",Recalled political appointees in foreign service set deadline to return,11/6/2024,1
ID0483,C:\Users\A S U S\Downloads\Health Images\Images\483.png,"A tense situation unfolded outside the Sugathadasa Indoor Stadium following the conclusion of a conference of the United Democratic Voice, the new alliance led by prominent figure Ranjan Ramanayake. 
The unrest reportedly stemmed from allegations made by nearly 200 young attendees, claiming they had not been compensated for their participation as promised by the event organizers.
When inquired by Ada Derana, police stated that the officers intervened to manage the situation, eventually dispersing the crowd and arranging for the young attendees to return to their accommodations.",Tensions erupt following Ranjan Ramanayake’s political conference over compensation,10/27/2024,1
ID0484,C:\Users\A S U S\Downloads\Health Images\Images\484.png,"Former Minister Keheliya Rambukwella says that he has decided to temporarily step back from politics with the ‘recent events’ that took place.
Rambukwella announced his decision while speaking at an event held in Kandy today (13).
However, the former Minister also mentioned that he will not hesitate to help the people to the fullest at anytime, although he pauses the political involvement.
Furthermore, he revealed plans to focus on his business activities in the future.
Additionally, the former Minister expressed confidence in being vindicated by the courts regarding the “recent events.” He emphasized his belief that justice will prevail and shared his hopes of returning to politics as an “innocent person” once the legal matters are resolved. ","Keheliya Rambukwella decides to pause political career, cites ‘recent events’",10/13/2024,1
ID0485,C:\Users\A S U S\Downloads\Health Images\Images\485.png,"Several of the major political parties contesting in the upcoming general election have signed their nomination papers today (09).
According to the Election Commission, a total of 33 independent groups and political parties have already submitted nominations to contest the 2024 General Election.
The National People’s Power (NPP) alliance’s candidates signed their nomination papers at the Janatha Vimukthi Peramuna (JVP) party headquarters in Pelawatte, while the ‘Samagi Jana Sandanaya’ signed their nominations at its office in Colombo.
The New Democratic Front (NDF) alliance, contesting under the symbol of the ‘Gas Cylinder,’ also signed their nomination papers today at the election operations office of former President Ranil Wickremesinghe, located on Flower Road in Colombo. ",Major political parties sign nominations for 2024 General Election,10/9/2024,1
ID0486,C:\Users\A S U S\Downloads\Health Images\Images\486.png,"Former Member of Parliament Ranjan Ramanayake has formed a new political party named the “United Democratic Voice” (Eksath Prajathanthravadi Handa).
The ‘microphone’ was unveiled as the symbol of the United Democratic Voice.
Former Sri Lankan cricketer Thilakarathne Dilshan, also known as TM Dilshan, has been appointed as the national organizer of the new party led by actor-turned-politician Ranjan Ramanayake.
Meanwhile, former Samagi Jana Balawegaya (SJB) Parliamentarian Vadivel Suresh was also present at the occasion of unveiling the new political party. ",Ranjan Ramanayake forms new political party,10/9/2024,1
ID0487,C:\Users\A S U S\Downloads\Health Images\Images\487.png,"The Sri Lankan authorities’ confirmation that they endorse the targets set under the country’s IMF programme, and intend to implement debt restructuring based on the terms agreed with international sovereign bondholders in September, reduces risks to the debt treatment process associated with the outcome of the presidential election on 21 September, says Fitch Ratings.
The election of Anura Kumara Dissanayake, of the opposition Janatha Vimukthi Peramuna (JVP), as president in September had increased policy uncertainty, raising the risk that the government could launch challenges to key elements of the IMF programme, potentially delaying Sri Lanka’s foreign-currency debt restructuring. However, the Ministry of Finance announced on 4 October that consultations with the IMF and Sri Lanka’s Official Credit Committee had been successfully concluded, suggesting that any policy changes are unlikely to threaten the IMF programme or the debt treatment agreement-in-principle reached under the previous administration. ",Political risks to Sri Lanka’s debt restructuring agreement recede – Fitch,10/9/2024,1
ID0488,C:\Users\A S U S\Downloads\Health Images\Images\488.png,"A total of 33 independent groups and political parties have submitted nominations to contest the 2024 General Election, according to the Election Commission.
The Election Commission says that as of yesterday (08), 17 political parties and 16 independent groups had completed their nominations.
The commission further noted that no nominations have been submitted for the constituencies in the Matale, Galle, Matara, Kurunegala, and Badulla districts yet. ",2024 General Election: 33 independent groups and political parties complete nominations,10/9/2024,1
ID0489,C:\Users\A S U S\Downloads\Health Images\Images\489.png,"Indian Minister of External Affairs Dr. Subrahmanyam Jaishankar says the political trauma Sri Lanka had to experience two years ago was a result of both internal and external factors.
Addressing a discussion organised by the U.S. think tank Carnegie Endowment for International Peace, the Indian External Affairs Minister said conflicts in a specific region can have serious impacts on other regions of the world, especially the global south.
“The international economy today is fragile. I have travelled to various parts of the world which has had a very hard time for the last five years, where people have seen a visible sort of drop in the quality of life. I may mention Sri Lanka. I’ve been in that country, I’ve been going there from time to time. I think part of what explains political shifts there was actually the trauma that they underwent as a result of some sort of factors within their control, but some of it was not”, he said.
Furthermore, Dr. Jaishankar added: “Now, what the lessons of tensions of conflicts… what we saw in Ukraine, what we see in the Middle East…that in a globalized world, conflicts and tensions anyway are going to cause problems everywhere. It’s not regional. It is going to come at everybody in some form or other.” ",Sri Lanka’s “political trauma” driven by both internal and external factors – Indian FM,10/5/2024,1
ID0490,C:\Users\A S U S\Downloads\Health Images\Images\490.png,"The presidential candidate of the ‘Sarvajana Balaya’ alliance, entrepreneur Dilith Jayaweera says that an ‘absurd’ form of politics currently exists in the country.
While attending a public rally held in Monaragala today (16), Jayaweera expressed that certain political leaders are providing each other with jokes on the political stage.
Commenting on President Ranil Wickremesinghe, he said the president is asking the people to give him power again, claiming that he has made a ‘change’ which was sought by the people",Dilith hits out at ‘absurd’ political dramas by main presidential candidates,9/16/2024,1
ID0491,C:\Users\A S U S\Downloads\Health Images\Images\491.png,"Sri Lanka Podujana Peramuna (SLPP) presidential candidate, Namal Rajapaksa pledged a long-term political commitment, emphasizing his vision for shaping a better future for the next generation, rather than focusing on a conventional five-year term.
Addressing a public rally in Wellawaya yesterday (14), Rajapaksa criticized the current political discourse, highlighting that many candidates who once dismissed key development projects initiated by his father, former President Mahinda Rajapaksa, are now championing them. 
“Back in 2015, projects like the expressway, Port City, Hambantota International Port, and the airport were labeled ‘white elephants’. Today, those same critics are eager to build on this progress,” he said.
Furthermore, Rajapaksa outlined his focus on the agricultural sector, underscoring the importance of maximizing the use of cultivable land and supporting farmers with fertilizer subsidies. ",Namal promises long-term political vision over short-term gains,9/15/2024,1
ID0492,C:\Users\A S U S\Downloads\Health Images\Images\492.png,"The presidential candidate of the ‘Sarvajana Balaya’ alliance, entrepreneur Dilith Jayaweera says that all the other three main candidates contesting the upcoming presidential election have presented the same programme.
He stated this during a public meeting held at Nittambu yesterday (11), under the ‘Dilith Gamata’ series of constituency meetings.
“Now they have presented three political programmes. All three of them contain the same thing. Instead, we have brought a strategic plan. A strategic programme that represents the views of every man in this country,” Jayaweera said.
He further stated that after the people vote on the morning of September 21, the results can only be expected on September 23 because of the second preference count. ", Political programmes presented by main candidates contain same thing – Dilith,9/12/2024,1
ID0493,C:\Users\A S U S\Downloads\Health Images\Images\493.png,"A selloff in Sri Lanka dollar bonds intensified on Monday (Sep 9) as investors reduced their country exposure over rising political uncertainties before elections later this month.
The country’s dollar bonds due in 2030 fell 3 US cents on the dollar to 49.9 US cents, the lowest level since February, extending their decline from their peak this year to about 15 per cent. Notes due in 2027 dropped more than 1 US cent to 49.6 US cents.
Market pressure has intensified before elections on September 21 as investors worry that a shakeup in leadership could upset debt talks that have stalled near the finish line. Opposition leaders have said they would look to renegotiate the terms of Sri Lanka’s programme with the International Monetary Fund.
“It is looking probable that Sri Lanka will need to further refine the terms of the deal agreed with bondholders” and will struggle to do so before the election, said Eng Tat Low, an emerging-market sovereign analyst at Columbia Threadneedle Investment. “Whilst I expect volatility to persist, the sharp selloff we have seen over the past few sessions may attract some ‘bargain hunting’ activities.” ",Sri Lanka debt tumbles as investors see rising political risk – report,9/10/2024,1
ID0494,C:\Users\A S U S\Downloads\Health Images\Images\494.png,"The Venezuelan government has said opposition presidential candidate Edmundo González has left the country, seeking asylum in Spain.
Mr González has been in hiding, and a warrant issued for his arrest after the opposition disputed July’s presidential election result - in which the government-controlled National Electoral Council (CNE) declared Nicolás Maduro the winner.
Venezuela’s Vice-President Delcy Rodríguez said in a post on social media that after “voluntarily” seeking refuge at the Spanish embassy in Caracas some days ago, Mr Gonzalez asked the Spanish government for political asylum.
She added that Caracas had agreed to his safe passage and that he had left.
Spain’s Minister of Foreign Affairs José Manuel Albares said Mr González had departed the country at his own request, and on a Spanish Air Force plane. ",Venezuela’s opposition leader leaves country seeking political asylum in Spain,9/8/2024,1
ID0495,C:\Users\A S U S\Downloads\Health Images\Images\495.png,"The new alliance formed by the combination of all political parties and MPs backing incumbent President Ranil Wickremesinghe at the upcoming presidential election has been launched today (05).
The event was held at the Water’s Edge Hotel in Battaramulla this morning, under the patronage of Prime Minister Dinesh Gunawardena.
During the event, “the trophy” was unveiled as the symbol of the new alliance which has been named “Podujana Eksath Nidahas Peramuna”. ",New political movement by MPs and parties backing President Ranil unveiled,9/5/2024,1
ID0496,C:\Users\A S U S\Downloads\Health Images\Images\496.png,"The presidential candidate of ‘Sarvajana Balaya’ alliance Dilith Jayaweera states that his group is the only one that has presented a novel program for the people of the country.
Speaking during a press conference held in Colombo, Jayaweera pointed out that all the parties that have contested the presidential election are trying to popularize their old policies once again.
“The country is asking for something new. We stand for it. No one else has proposed something different. Something different has been proposed in our strategic plan. We are asking the dear people of Sri Lanka to look at this different thing in a different manner.”",Dilith Jayaweera on how his political approach stands apart,9/5/2024,1
ID0497,C:\Users\A S U S\Downloads\Health Images\Images\497.png,"Prime Minister Dinesh Gunawardena says that the Sri Lanka Podujana Peramuna (SLPP) MPs and political parties who came forward to support Ranil Wickremesinghe in the Presidential Election are holding discussions to create a new political movement.
The Prime Minister made these comments while speaking to the media after visiting Maha Nayaka Theros of Malwathu and Asgiri chapters in Kandy, the Prime Minister’s Media Division said in a statement.
The Prime Minister also mentioned that he will always give his blessing and support as the Prime Minister to build the said political movement.
The Prime Minister further commented: “The overwhelming majority of SLPP MPs who supported the government to move forward, decided to support Mr. Ranil Wickremesinghe who recovered the country from the crisis, in the Presidential Election.”
 “Those MPs represent many other parties as well as SLPP”, he added. ",PM pledges support for new political movement by MPs and parties backing President Ranil,8/19/2024,1
ID0498,C:\Users\A S U S\Downloads\Health Images\Images\498.png,"Foreign Secretary Aruni Wijewardane will lead Sri Lanka’s delegation to the Seventh Round of Bilateral Political Consultations between Sri Lanka and Pakistan, scheduled to be held in Islamabad on 30 July 2024, the Ministry of Foreign Affairs said.
The Seventh Round of Bilateral Political Consultations will be co-chaired by Foreign Secretary Aruni Wijewardane and the Foreign Secretary of Pakistan Muhammad Syrus Sajjad Qazi.
The Consultations are expected to review the current status of the bilateral relations and the progress achieved in areas of cooperation such as economic and trade, defence and security, education, culture, media and sports, consular matters, agriculture as well as technology.",Sri Lanka and Pakistan to hold 7th round of political consultation,7/26/2024,1
ID0499,C:\Users\A S U S\Downloads\Health Images\Images\499.png,"Dr. Rukshan Bellana has warned of a potential political conspiracy to undermine the country’s health sector in the future. 
He indicated that certain groups are attempting to recruit economically disadvantaged employees to support this agenda. 
Dr. Bellana made these remarks at the inauguration ceremony of the National Union of Healthcare Workers (NUHW) held at the United National Party (UNP) Headquarters, Sirikotha",Dr. Bellana warns of political conspiracy to undermine health sector,7/7/2024,1
ID0500,C:\Users\A S U S\Downloads\Health Images\Images\500.png,"President Ranil Wickremesinghe recently emphasized that as the country builds a new economy, it is crucial to establish a new political system. This system must foster individuals who can take responsibility and speak the truth fearlessly.
He made these remarks during the bankers’ forum organized by the National Bankers Association at Galle Face Hotel, Colombo, yesterday (05).
The President stated that he has openly communicated the economic challenges facing the country to the people and has outlined a clear program to lead the nation out of the crisis.
The President emphasized that there is no alternative program for the country and that it is everyone’s responsibility to identify and support the necessary program for the country’s economy, rather than living in dream worlds.
He pointed out that while some have cited Argentina’s Martin Guzman as an example, he considers Guzman a failure.
Additionally, although some have suggested that he ask for money from world leaders, the President stressed that the Sinhalese nation is not a beggar nation but one that rises through self-reliance.",Establishing fresh economic and political system is essential – President ,7/6/2024,1
